index,Rk,Player,Pos,Tm,Cap Hit
0,1.0,Kirk Cousins,QB,WAS,23943600.0
1,2.0,Trumaine Johnson,CB,LAR,16742400.0
2,3.0,Josh Norman,CB,WAS,16500000.0
3,,Von Miller,LB,DEN,16500000.0
4,5.0,Justin Houston,LB,KAN,16350000.0
5,6.0,Matt Ryan,QB,ATL,15750000.0
6,7.0,Carson Palmer,QB,ARI,15500000.0
7,8.0,Muhammad Wilkerson,DT,NYJ,14750000.0
8,9.0,Sam Bradford,QB,MIN,14000000.0
9,10.0,Malik Jackson,DT,JAX,13500000.0
10,11.0,Gerald McCoy,DT,TAM,13250000.0
11,12.0,Cam Newton,QB,CAR,13166666.0
12,13.0,Andy Dalton,QB,CIN,13100000.0
13,14.0,Eli Manning,QB,NYG,13000000.0
14,,Drew Brees,QB,NOR,13000000.0
15,,Dez Bryant,WR,DAL,13000000.0
16,17.0,Janoris Jenkins,CB,NYG,12900000.0
17,18.0,Ezekiel Ansah,DE,DET,12734000.0
18,19.0,Russell Wilson,QB,SEA,12600000.0
19,20.0,Aaron Rodgers,QB,GNB,12550000.0
20,21.0,Le'Veon Bell,RB,PIT,12120000.0
21,22.0,Ben Roethlisberger,QB,PIT,12000000.0
22,23.0,Olivier Vernon,DE,NYG,11750000.0
23,24.0,Julio Jones,WR,ATL,11500000.0
24,25.0,Richard Sherman,DB,SEA,11431000.0
25,26.0,Trent Williams,T,WAS,11250000.0
26,27.0,Larry Fitzgerald,WR,ARI,11000000.0
27,,Aqib Talib,DB,DEN,11000000.0
28,,Philip Rivers,QB,LAC,11000000.0
29,30.0,Alex Smith,QB,KAN,10800000.0
30,31.0,J.J. Watt,DE,HOU,10500000.0
31,32.0,A.J. Green,WR,CIN,10300000.0
32,33.0,Clay Matthews,LB,GNB,10100000.0
33,34.0,Ndamukong Suh,DT,MIA,9985000.0
34,35.0,Patrick Peterson,CB,ARI,9750000.0
35,,Marcell Dareus,DT,2TM,9750000.0
36,37.0,Duane Brown,G,2TM,9400000.0
37,38.0,Vontae Davis,DB,IND,9000000.0
38,,Calais Campbell,DE,JAX,9000000.0
39,,Cordy Glenn,T,BUF,9000000.0
40,41.0,Justin Pugh,OG,NYG,8821000.0
41,42.0,Joe Thomas,T,CLE,8800000.0
42,43.0,Damon Harrison,DT,NYG,8750000.0
43,44.0,Randall Cobb,WR,GNB,8600000.0
44,45.0,Byron Maxwell,DB,2TM,8500000.0
45,,Demaryius Thomas,WR,DEN,8500000.0
46,,Earl Thomas,DB,SEA,8500000.0
47,48.0,Alec Ogletree,OLB,LAR,8369000.0
48,49.0,Jordy Nelson,WR,GNB,8250000.0
49,,Ryan Kerrigan,DE,WAS,8250000.0
50,,Joe Staley,T,SFO,8250000.0
51,52.0,Sheldon Richardson,DT,SEA,8069000.0
52,53.0,Xavier Rhodes,CB,MIN,8026000.0
53,54.0,Corey Liuget,DT,LAC,8000000.0
54,,T.Y. Hilton,WR,IND,8000000.0
55,,Mike Glennon,QB,CHI,8000000.0
56,,DeAndre Hopkins,WR,HOU,8000000.0
57,,Mike Iupati,G,ARI,8000000.0
58,59.0,Mike Pouncey,OL,MIA,7950000.0
59,60.0,Jimmy Graham,TE,SEA,7900000.0
60,61.0,Lane Johnson,OT,PHI,7750000.0
61,62.0,Maurkice Pouncey,C,PIT,7500000.0
62,,Andrew Whitworth,T,LAR,7500000.0
63,,Tyrod Taylor,QB,BUF,7500000.0
64,,Dontari Poe,DT,ATL,7500000.0
65,66.0,Jason Witten,TE,DAL,7400000.0
66,,Chris Harris,CB,DEN,7400000.0
67,68.0,Luke Kuechly,ILB,CAR,7363324.0
68,69.0,Geno Atkins,DT,CIN,7300000.0
69,70.0,Tyrone Crawford,DE,DAL,7250000.0
70,71.0,Vinny Curry,DE,PHI,7000000.0
71,,Akiem Hicks,DE,CHI,7000000.0
72,,Allen Hurns,WR,JAX,7000000.0
73,,Chandler Jones,DE,ARI,7000000.0
74,,Marvin Jones,WR,DET,7000000.0
75,,Cameron Jordan,DE,NOR,7000000.0
76,77.0,Dominique Rodgers-Cromartie,DB,NYG,6980000.0
77,78.0,Pernell McPhee,DL,CHI,6950000.0
78,79.0,Cameron Wake,LB,MIA,6875000.0
79,80.0,Eric Fisher,OT,KAN,6857977.0
80,81.0,Star Lotulelei,DT,CAR,6757000.0
81,82.0,Emmanuel Sanders,WR,DEN,6750000.0
82,83.0,Kelechi Osemele,T,OAK,6700000.0
83,84.0,Bennie Logan,DT,KAN,6680000.0
84,85.0,Vontaze Burfict,LB,CIN,6535529.0
85,86.0,Jared Veldheer,T,ARI,6500000.0
86,,Jermey Parnell,T,JAX,6500000.0
87,,Rodney Hudson,OL,OAK,6500000.0
88,,Michael Bennett,DE,SEA,6500000.0
89,,Brandon Graham,DE,PHI,6500000.0
90,,Nate Solder,T,NWE,6500000.0
91,,Johnathan Joseph,DB,HOU,6500000.0
92,,Kareem Jackson,DB,HOU,6500000.0
93,,Devin McCourty,DB,NWE,6500000.0
94,,Greg Olsen,TE,CAR,6500000.0
95,,DeSean Jackson,WR,TAM,6500000.0
96,97.0,Kyle Williams,DT,BUF,6300000.0
97,98.0,Kyle Long,OT,CHI,6250000.0
98,,DeMarco Murray,RB,TEN,6250000.0
99,,Michael Crabtree,WR,OAK,6250000.0
100,101.0,Brian Orakpo,LB,TEN,6200000.0
101,,Riley Reiff,OT,MIN,6200000.0
102,103.0,Robert Quinn,DE,LAR,6161616.0
103,104.0,Adam Jones,DB,CIN,6023529.0
104,105.0,Kawann Short,DT,CAR,6000000.0
105,,Kevin Zeitler,G,CLE,6000000.0
106,,Marshal Yanda,T,BAL,6000000.0
107,,Derrick Morgan,DE,TEN,6000000.0
108,,Buster Skrine,DB,NYJ,6000000.0
109,,Lavonte David,OLB,TAM,6000000.0
110,,Brent Grimes,DB,TAM,6000000.0
111,,Golden Tate,WR,DET,6000000.0
112,,Mohamed Sanu,WR,ATL,6000000.0
113,,Darian Stewart,DB,DEN,6000000.0
114,,Malcolm Jenkins,DB,PHI,6000000.0
115,,LeSean McCoy,RB,BUF,6000000.0
116,,Joe Flacco,QB,BAL,6000000.0
117,118.0,K.J. Wright,LB,SEA,5800000.0
118,,Donald Penn,T,OAK,5800000.0
119,,Coby Fleener,TE,NOR,5800000.0
120,121.0,Doug Martin,RB,TAM,5764706.0
121,122.0,Alex Mack,C,ATL,5750000.0
122,,Tamba Hali,DE,KAN,5750000.0
123,124.0,Kenny Vaccaro,FS,NOR,5676000.0
124,,Eric Reid,FS,SFO,5676000.0
125,126.0,Julius Thomas,TE,MIA,5500000.0
126,,Brandon Linder,OG,JAX,5500000.0
127,,Haloti Ngata,DT,DET,5500000.0
128,,Lamar Miller,RB,HOU,5500000.0
129,,Derek Wolfe,DT,DEN,5500000.0
130,131.0,Jerry Hughes,DE,BUF,5400000.0
131,,Bryan Bulaga,T,GNB,5400000.0
132,133.0,Carlos Dunlap,DE,CIN,5350000.0
133,134.0,Gabe Jackson,OG,OAK,5250000.0
134,,Travis Benjamin,WR,LAC,5250000.0
135,,Andy Levitre,G,ATL,5250000.0
136,137.0,Kyle Rudolph,TE,MIN,5150000.0
137,,Harrison Smith,FS,MIN,5150000.0
138,139.0,Rishard Matthews,WR,TEN,5000000.0
139,,Barry Church,DB,JAX,5000000.0
140,,Mike Mitchell,DB,PIT,5000000.0
141,,Logan Ryan,CB,TEN,5000000.0
142,,Sean Smith,DB,OAK,5000000.0
143,,Melvin Ingram,DE,LAC,5000000.0
144,,Derek Carr,QB,OAK,5000000.0
145,,Jay Cutler,QB,MIA,5000000.0
146,,Tashaun Gipson,DB,JAX,5000000.0
147,,Mark Barron,LB,LAR,5000000.0
148,,Brandon Brooks,G,PHI,5000000.0
149,,Jason Kelce,OL,PHI,5000000.0
150,151.0,Mitchell Schwartz,T,KAN,4900000.0
151,152.0,Mychal Kendricks,ILB,PHI,4850000.0
152,153.0,Rodger Saffold,T,LAR,4847233.0
153,154.0,Tyler Eifert,TE,CIN,4782000.0
154,155.0,Tyrann Mathieu,CB,ARI,4750000.0
155,,Mike Wallace,WR,BAL,4750000.0
156,,Jeff Allen,T,HOU,4750000.0
157,,Jamie Collins,OLB,CLE,4750000.0
158,,Morgan Burnett,DB,GNB,4750000.0
159,160.0,Josh Sitton,G,CHI,4650000.0
160,161.0,Stephon Gilmore,CB,NWE,4500000.0
161,,Joe Barksdale,OL,LAC,4500000.0
162,,Charles Clay,TE,BUF,4500000.0
163,,Cliff Avril,DE,SEA,4500000.0
164,,Chris Ivory,RB,JAX,4500000.0
165,,Bruce Irvin,DE,OAK,4500000.0
166,,Antonio Gates,TE,LAC,4500000.0
167,,Whitney Mercilus,DE,HOU,4500000.0
168,169.0,James Carpenter,OL,NYJ,4450000.0
169,170.0,Demar Dotson,T,TAM,4250000.0
170,,Rob Gronkowski,TE,NWE,4250000.0
171,172.0,Delanie Walker,TE,TEN,4200000.0
172,,Terron Armstead,OT,NOR,4200000.0
173,,Bobby Massie,T,CHI,4200000.0
174,175.0,Brooks Reed,DL,ATL,4100000.0
175,,Darius Slay,CB,DET,4100000.0
176,177.0,Clint Boling,OL,CIN,4050000.0
177,,Dustin Colquitt,P,KAN,4050000.0
178,179.0,Terrell Suggs,LB-DE,BAL,4000000.0
179,,Marcedes Lewis,TE,JAX,4000000.0
180,,Marcus Gilbert,OL,PIT,4000000.0
181,,Nigel Bradham,OLB,PHI,4000000.0
182,,Robert Ayers,DE,TAM,4000000.0
183,,Darren Sproles,RB,PHI,4000000.0
184,,Bobby Wagner,ILB,SEA,4000000.0
185,,Shawn Lauvao,G,WAS,4000000.0
186,,Matt Forte,RB,NYJ,4000000.0
187,,Eric Weddle,DB,BAL,4000000.0
188,,Torrey Smith,WR,PHI,4000000.0
189,,Kenny Britt,WR,2TM,4000000.0
190,,Jeremy Lane,CB,SEA,4000000.0
191,,George Iloka,FS,CIN,4000000.0
192,193.0,Paul Posluszny,LB,JAX,3950000.0
193,194.0,Malcolm Butler,CB,NWE,3910000.0
194,195.0,Brian Robison,DE,MIN,3900000.0
195,,Ron Parker,CB,KAN,3900000.0
196,,Allen Bailey,DL,KAN,3900000.0
197,198.0,Christian Kirksey,OLB,CLE,3797000.0
198,199.0,J.R. Sweezy,G,TAM,3750000.0
199,,Jerrell Freeman,LB,CHI,3750000.0
200,,Adrian Clayborn,DL,ATL,3750000.0
201,,Jordan Reed,TE,WAS,3750000.0
202,,Bilal Powell,RB,NYJ,3750000.0
203,204.0,Pierre Garcon,WR,SFO,3675000.0
204,205.0,Michael Johnson,DE,CIN,3550000.0
205,206.0,Tavon Austin,WR,LAR,3500000.0
206,,Prince Amukamara,CB,CHI,3500000.0
207,,Frank Gore,RB,IND,3500000.0
208,,Ben Jones,C,TEN,3500000.0
209,,Cole Beasley,WR,DAL,3500000.0
210,211.0,Brandon Mebane,DT,LAC,3350000.0
211,212.0,Greg Robinson,OT,DET,3322377.0
212,213.0,Thomas Davis,LB,CAR,3250000.0
213,,Casey Hayward,DB,LAC,3250000.0
214,215.0,Blake Bortles,QB,JAX,3236565.0
215,216.0,Graham Gano,K,CAR,3200000.0
216,,Dan Bailey,K,DAL,3200000.0
217,218.0,Richie Incognito,G,BUF,3175000.0
218,219.0,Joel Bitonio,OT,CLE,3164777.0
219,220.0,Thomas Morstead,P,NOR,3150000.0
220,,Matt Prater,K,DET,3150000.0
221,222.0,Mark Ingram,RB,NOR,3100000.0
222,,Shawn Williams,SS,CIN,3100000.0
223,224.0,C.J. Fiedorowicz,TE,HOU,3097000.0
224,225.0,Tahir Whitehead,OLB,DET,3050000.0
225,226.0,Tony Jefferson,FS,BAL,3000000.0
226,,T.J. Ward,DB,TAM,3000000.0
227,,Jason Peters,T,PHI,3000000.0
228,,Markus Wheaton,WR,CHI,3000000.0
229,,Chris Baker,DT,TAM,3000000.0
230,,Josh McCown,QB,NYJ,3000000.0
231,,Brent Celek,TE,PHI,3000000.0
232,,Robert Woods,WR,LAR,3000000.0
233,,Terrelle Pryor,QB,WAS,3000000.0
234,,Ricky Wagner,OT,DET,3000000.0
235,,Russell Okung,T,LAC,3000000.0
236,,NaVorro Bowman,LB,2TM,3000000.0
237,,Fletcher Cox,DT,PHI,3000000.0
238,,Brandon Marshall,WR,NYG,3000000.0
239,,Derrick Shelby,DE,ATL,3000000.0
240,,William Gholston,DE,TAM,3000000.0
241,,Marcus Cooper,CB,CHI,3000000.0
242,,Kam Chancellor,DB,SEA,3000000.0
243,,Ryan Kalil,C,CAR,3000000.0
244,,Johnathan Hankins,DT,IND,3000000.0
245,,A.J. Bouye,CB,JAX,3000000.0
246,,Orlando Scandrick,DB,DAL,3000000.0
247,,T.J. Lang,T,DET,3000000.0
248,249.0,Andrew Sendejo,DB,MIN,2950000.0
249,250.0,Andre Branch,DE,MIA,2900000.0
250,,C.J. Anderson,RB,DEN,2900000.0
251,252.0,Steve McLendon,DT,NYJ,2875000.0
252,253.0,Colt McCoy,QB,WAS,2800000.0
253,,Kevin Huber,P,CIN,2800000.0
254,,Brett Kern,P,TEN,2800000.0
255,,Virgil Green,TE,DEN,2800000.0
256,,Domata Peko,DT,DEN,2800000.0
257,,Justin Tucker,K,BAL,2800000.0
258,259.0,Jonathan Casillas,LB,NYG,2750000.0
259,,William Hayes,DE,MIA,2750000.0
260,,Corey Peters,DT,ARI,2750000.0
261,,Adam Vinatieri,K,IND,2750000.0
262,,Reggie Nelson,DB,OAK,2750000.0
263,,Chris Clark,T,HOU,2750000.0
264,,Luke Joeckel,OT,SEA,2750000.0
265,,Kayvon Webster,CB,LAR,2750000.0
266,267.0,Todd Davis,LB,DEN,2746000.0
267,,Marcus Williams,CB,2TM,2746000.0
268,,Dontrelle Inman,WR,2TM,2746000.0
269,,Trey Burton,TE,PHI,2746000.0
270,,Wesley Johnson,OT,NYJ,2746000.0
271,,Brandon McManus,K,DEN,2746000.0
272,,Isaiah Crowell,RB,CLE,2746000.0
273,,Andrew Norwell,G,CAR,2746000.0
274,,Taylor Gabriel,WR,ATL,2746000.0
275,,Adam Thielen,WR,MIN,2746000.0
276,277.0,Stephen Gostkowski,K,NWE,2700000.0
277,,Travis Kelce,TE,KAN,2700000.0
278,279.0,Ramon Foster,T,PIT,2675000.0
279,280.0,Dante Fowler,OLB,JAX,2570478.0
280,281.0,Dre Kirkpatrick,CB,CIN,2550000.0
281,,Drew Stanton,QB,ARI,2550000.0
282,283.0,Chris Hogan,WR,NWE,2500000.0
283,,Morris Claiborne,CB,NYJ,2500000.0
284,,Cordarrelle Patterson,WR,OAK,2500000.0
285,,Quintin Demps,DB,CHI,2500000.0
286,,Jarius Wright,WR,MIN,2500000.0
287,,Jabaal Sheard,DL,IND,2500000.0
288,,Brandon Marshall,OLB,DEN,2500000.0
289,,Jared Cook,TE,OAK,2500000.0
290,,Patrick Chung,DB,NWE,2500000.0
291,,Ronald Leary,G,DEN,2500000.0
292,,Donald Stephenson,T,DEN,2500000.0
293,,Jamar Taylor,CB,CLE,2500000.0
294,,Dwayne Allen,TE,NWE,2500000.0
295,,Abry Jones,DT,JAX,2500000.0
296,297.0,Dwayne Harris,WR,NYG,2475000.0
297,298.0,Zane Beadles,T,SFO,2450000.0
298,,Emmanuel Lamur,LB,MIN,2450000.0
299,300.0,Johnny Hekker,P,LAR,2444444.0
300,301.0,Ryan Succop,K,TEN,2400000.0
301,,Marquette King,P,OAK,2400000.0
302,,Da'Norris Searcy,DB,TEN,2400000.0
303,,Terence Newman,DB,MIN,2400000.0
304,305.0,Sam Koch,P,BAL,2300000.0
305,,Micah Hyde,CB,BUF,2300000.0
306,,Tom Johnson,DT,MIN,2300000.0
307,308.0,Brian Cushing,LB,HOU,2264706.0
308,309.0,Chad Henne,QB,JAX,2250000.0
309,,Terrell McClain,DL,WAS,2250000.0
310,,Lane Taylor,G,GNB,2250000.0
311,,Vincent Rey,LB,CIN,2250000.0
312,,Elvis Dumervil,DE,SFO,2250000.0
313,,Arthur Moats,LB,PIT,2250000.0
314,,James Hanna,TE,DAL,2250000.0
315,,Stacy McGee,DT,WAS,2250000.0
316,317.0,Sam Martin,P,DET,2225000.0
317,318.0,Jermaine Kearse,WR,NYJ,2200000.0
318,,Matthew Bosher,P,ATL,2200000.0
319,,Wesley Woodyard,LB,TEN,2200000.0
320,321.0,Anthony Barr,OLB,MIN,2157750.0
321,322.0,Shane Vereen,RB,NYG,2150000.0
322,323.0,J.J. Wilcox,S,PIT,2125000.0
323,324.0,Vance McDonald,TE,PIT,2100000.0
324,,Mike Daniels,DT,GNB,2100000.0
325,326.0,Brandon Carr,DB,BAL,2000000.0
326,,Ben Ijalana,OL,NYJ,2000000.0
327,,Josh Robinson,CB,TAM,2000000.0
328,,Connor Barwin,DE,LAR,2000000.0
329,,Lorenzo Alexander,LB,BUF,2000000.0
330,,Vince Williams,ILB,PIT,2000000.0
331,,Clinton McDonald,DT,TAM,2000000.0
332,,Justin Bethel,CB,ARI,2000000.0
333,,D.J. Hayden,CB,DET,2000000.0
334,,Brice McCain,DB,TEN,2000000.0
335,,Kyle Juszczyk,FB,SFO,2000000.0
336,,Vernon Davis,TE,WAS,2000000.0
337,,Matt Slauson,G,LAC,2000000.0
338,,Robert Alford,CB,ATL,2000000.0
339,,Jermaine Gresham,TE,ARI,2000000.0
340,,Johnathan Cyprien,SS,TEN,2000000.0
341,,Antoine Bethea,DB,ARI,2000000.0
342,,Dion Sims,TE,CHI,2000000.0
343,,D.J. Swearinger,FS,WAS,2000000.0
344,,Sylvester Williams,DT,TEN,2000000.0
345,,Brynden Trawick,S,TEN,2000000.0
346,,Danny Trevathan,OLB,CHI,2000000.0
347,,William Gay,DB,PIT,2000000.0
348,,Paul Worrilow,LB,DET,2000000.0
349,,J.C. Tretter,OG,CLE,2000000.0
350,,Phil Dawson,K,ARI,2000000.0
351,,Ted Ginn,WR,NOR,2000000.0
352,353.0,Taylor Lewan,OT,TEN,1986136.0
353,354.0,Kenny Stills,WR,MIA,1975000.0
354,355.0,Ed Dickson,TE,CAR,1950000.0
355,,Marcus Sherels,DB,MIN,1950000.0
356,,Marquise Goodwin,WR,SFO,1950000.0
357,358.0,Kurt Coleman,LB,CAR,1900000.0
358,,Everson Griffen,DE,MIN,1900000.0
359,,Brad Nortman,P,JAX,1900000.0
360,,Landry Jones,QB,PIT,1900000.0
361,362.0,Odell Beckham,WR,NYG,1839027.0
362,363.0,Aaron Donald,DT,LAR,1802250.0
363,364.0,Rex Burkhead,RB,NWE,1800000.0
364,365.0,Telvin Smith,ILB,JAX,1797000.0
365,,Maurice Alexander,SS,LAR,1797000.0
366,,Michael Schofield,OT,LAC,1797000.0
367,,Devon Kennard,OLB,NYG,1797000.0
368,,William Compton,LB,WAS,1797000.0
369,,E.J. Gaines,CB,BUF,1797000.0
370,,Korey Toomer,ILB,LAC,1797000.0
371,,Donte Moncrief,WR,IND,1797000.0
372,,Kerry Wynn,DE,NYG,1797000.0
373,,John Brown,WR,ARI,1797000.0
374,,Avery Williamson,ILB,TEN,1797000.0
375,,Kevin Pamphile,OT,TAM,1797000.0
376,,Shamar Stephen,DT,MIN,1797000.0
377,,Russell Bodine,OG,CIN,1797000.0
378,,Anthony Hitchens,OLB,DAL,1797000.0
379,,Justin Ellis,DT,OAK,1797000.0
380,,Aaron Colvin,CB,JAX,1797000.0
381,,Damien Williams,RB,MIA,1797000.0
382,,Chris Hubbard,G,PIT,1797000.0
383,,Michael Thomas,S,MIA,1797000.0
384,,DaQuan Jones,DT,TEN,1797000.0
385,,Ryan Jensen,T,BAL,1797000.0
386,,Cameron Fleming,OT,NWE,1797000.0
387,,Terrance West,RB,BAL,1797000.0
388,,Charles Leno,OG,CHI,1797000.0
389,,Bashaud Breeland,CB,WAS,1797000.0
390,,Aaron Lynch,DE,SFO,1797000.0
391,,T.J. Carrie,CB,OAK,1797000.0
392,,Denico Autry,DE,OAK,1797000.0
393,,Andre Hal,CB,HOU,1797000.0
394,,Albert Wilson,WR,KAN,1797000.0
395,,Corey Linsley,C,GNB,1797000.0
396,,Nevin Lawson,CB,DET,1797000.0
397,398.0,Zach Fulton,OG,KAN,1788500.0
398,399.0,Spencer Long,OG,WAS,1787000.0
399,,Richard Rodgers,TE,GNB,1787000.0
400,401.0,Travis Swanson,C,DET,1772000.0
401,402.0,Preston Brown,ILB,BUF,1762000.0
402,403.0,Ryan Fitzpatrick,QB,TAM,1750000.0
403,,Alan Branch,DT,NWE,1750000.0
404,,Joe Hawley,G,TAM,1750000.0
405,,Allen Barbre,T,DEN,1750000.0
406,,Niles Paul,WR,WAS,1750000.0
407,,Matt Moore,QB,MIA,1750000.0
408,,Matt Cassel,QB,TEN,1750000.0
409,,Scott Tolzien,QB,IND,1750000.0
410,411.0,Ereck Flowers,OT,NYG,1743338.0
411,412.0,Kyle Fuller,CB,CHI,1740955.0
412,413.0,Jared Goff,QB,LAR,1719894.0
413,414.0,Ryan Shazier,OLB,PIT,1716438.0
414,415.0,Max Unger,C,NOR,1700000.0
415,,Zach Strief,G,NOR,1700000.0
416,,Larry Warford,OG,NOR,1700000.0
417,,A.J. Klein,ILB,NOR,1700000.0
418,,Ryan Hewitt,FB,CIN,1700000.0
419,,Luke Stocker,TE,2TM,1700000.0
420,421.0,Todd Gurley,RB,LAR,1691653.0
421,422.0,Carson Wentz,QB,PHI,1662561.0
422,423.0,Earl Mitchell,DT,SFO,1650000.0
423,,Josh Hill,TE,NOR,1650000.0
424,,Britton Colquitt,P,CLE,1650000.0
425,426.0,Zack Martin,OT,DAL,1642882.0
426,427.0,C.J. Mosley,ILB,BAL,1618365.0
427,428.0,Trae Waynes,CB,MIN,1611761.0
428,429.0,Giovani Bernard,RB,CIN,1600000.0
429,,Steven Hauschka,K,BUF,1600000.0
430,431.0,Eric Ebron,TE,DET,1590337.0
431,432.0,Calvin Pryor,FS,JAX,1587716.0
432,433.0,Ezekiel Elliott,RB,DAL,1584379.0
433,434.0,Ja'Wuan James,OT,MIA,1569327.0
434,435.0,Josh Martin,LB,NYJ,1550000.0
435,,Derek Anderson,QB,CAR,1550000.0
436,,Zach Brown,OLB,WAS,1550000.0
437,,Garrett Celek,TE,SFO,1550000.0
438,439.0,Desmond Trufant,CB,ATL,1526000.0
439,440.0,Austin Howard,T,BAL,1525000.0
440,441.0,Jalen Ramsey,FS,JAX,1511409.0
441,442.0,Keenan Robinson,OLB,NYG,1500000.0
442,,Bryan Anger,P,TAM,1500000.0
443,,Davon House,DB,GNB,1500000.0
444,,Shane Lechler,P,HOU,1500000.0
445,,Zach Miller,TE,CHI,1500000.0
446,,Jordan Poyer,CB,BUF,1500000.0
447,,Mike Gillislee,RB,NWE,1500000.0
448,,Kelvin Beachum,T,NYJ,1500000.0
449,,D.J. Fluker,OT,NYG,1500000.0
450,,Levine Toilolo,TE,ATL,1500000.0
451,,Jason McCourty,DB,CLE,1500000.0
452,,Lerentee McCray,LB,JAX,1500000.0
453,,Jahleel Addae,S,LAC,1500000.0
454,,Chris Hairston,OL,LAC,1500000.0
455,,Alejandro Villanueva,OL,PIT,1500000.0
456,,Duron Harmon,FS,NWE,1500000.0
457,,Ryan Groy,OG,BUF,1500000.0
458,,Robbie Gould,K,SFO,1500000.0
459,,Jamize Olawale,FB,OAK,1500000.0
460,,Benson Mayowa,DE,DAL,1500000.0
461,,Menelik Watson,OT,DEN,1500000.0
462,,Barkevious Mingo,OLB,IND,1500000.0
463,,John Simon,DE,IND,1500000.0
464,,Anthony Fasano,TE,MIA,1500000.0
465,,Chris Conte,DB,TAM,1500000.0
466,467.0,Danny Shelton,DT,CLE,1498970.0
467,468.0,Jermon Bushrod,T,MIA,1475000.0
468,469.0,Deone Bucannon,SS,ARI,1471255.0
469,470.0,Jeff Heath,S,DAL,1471000.0
470,471.0,Andrus Peat,OT,NOR,1470773.0
471,472.0,Robert Golden,S,PIT,1465000.0
472,473.0,Matt Bryant,K,ATL,1450000.0
473,474.0,DeVante Parker,WR,MIA,1423776.0
474,475.0,Melvin Gordon,RB,LAC,1404980.0
475,476.0,Mike Remmers,T,MIN,1400000.0
476,,Josh Kline,OL,TEN,1400000.0
477,,Garry Gilliam,T,SFO,1400000.0
478,,Jurrell Casey,DL,TEN,1400000.0
479,,Alex Boone,T,ARI,1400000.0
480,,Nate Allen,DB,MIA,1400000.0
481,482.0,Ronnie Stanley,OT,BAL,1381106.0
482,483.0,Greg Zuerlein,K,LAR,1375000.0
483,484.0,Eddie Lacy,RB,SEA,1365000.0
484,485.0,Teddy Bridgewater,QB,MIN,1354023.0
485,486.0,Marcus Cannon,OL,NWE,1350000.0
486,,Jordan Mills,OT,BUF,1350000.0
487,,Michael Hoomanawanui,TE,NOR,1350000.0
488,,Marshawn Lynch,RB,OAK,1350000.0
489,,Eric Decker,WR,TEN,1350000.0
490,,Erik Walden,DE,TEN,1350000.0
491,,Nathan Stupar,OLB,NOR,1350000.0
492,493.0,Kevin Johnson,CB,HOU,1348583.0
493,494.0,Arik Armstead,DE,SFO,1329785.0
494,495.0,Marcus Peters,CB,KAN,1306287.0
495,496.0,T.J. Johnson,C,CIN,1300000.0
496,,Nick Perry,DE,GNB,1300000.0
497,,Sean Lee,LB,DAL,1300000.0
498,,Patrick DiMarco,FB,BUF,1300000.0
499,,Andre Roberts,WR,ATL,1300000.0
500,,Johnson Bademosi,DB,NWE,1300000.0
501,502.0,Devonta Freeman,RB,ATL,1297000.0
502,,Morgan Moses,OT,WAS,1297000.0
503,504.0,Travis Frederick,C,DAL,1296000.0
504,505.0,Cameron Erving,OT,KAN,1292188.0
505,506.0,Nelson Agholor,WR,PHI,1287489.0
506,507.0,Cedric Ogbuehi,OT,CIN,1282789.0
507,508.0,Ethan Westbrooks,DE,LAR,1282175.0
508,509.0,DeForest Buckner,DE,SFO,1276863.0
509,510.0,Tyron Smith,OT,DAL,1275000.0
510,,Senio Kelemete,T,NOR,1275000.0
511,512.0,Bud Dupree,DE,PIT,1273390.0
512,513.0,Shane Ray,DE,DEN,1263991.0
513,514.0,Tyler Bray,QB,KAN,1252500.0
514,515.0,Joe Haden,DB,PIT,1250000.0
515,,Karl Klug,DL,TEN,1250000.0
516,,Akeem Spence,DT,DET,1250000.0
517,,Kemal Ishmael,DB,ATL,1250000.0
518,,Dont'a Hightower,ILB,NWE,1250000.0
519,,Ben Watson,TE,BAL,1250000.0
520,,Chris Maragos,DB,PHI,1250000.0
521,,Kyle Wilber,OLB,DAL,1250000.0
522,,Andre Smith,T,CIN,1250000.0
523,,Michael Brockers,DT,LAR,1250000.0
524,,Daren Bates,LB,TEN,1250000.0
525,,Jack Crawford,DE,ATL,1250000.0
526,,Brandon LaFell,WR,CIN,1250000.0
527,,Danny Amendola,WR,NWE,1250000.0
528,,Al Woods,DT,IND,1250000.0
529,,Tyson Alualu,DT,PIT,1250000.0
530,,Jason Pierre-Paul,DE,NYG,1250000.0
531,,Aldrick Robinson,WR,SFO,1250000.0
532,,Kendall Wright,WR,CHI,1250000.0
533,,Donnie Jones,P,PHI,1250000.0
534,535.0,D.J. Humphries,OT,ARI,1245192.0
535,536.0,Cornelius Washington,DE,DET,1237500.0
536,537.0,Shaq Thompson,OLB,CAR,1235793.0
537,538.0,Breshad Perriman,WR,BAL,1226392.0
538,539.0,Mason Foster,LB,WAS,1225000.0
539,540.0,Byron Jones,CB,DAL,1216995.0
540,541.0,Laken Tomlinson,OG,SFO,1212296.0
541,542.0,Darrius Heyward-Bey,WR,PIT,1200000.0
542,,Harry Douglas,WR,TEN,1200000.0
543,,Ryan Allen,P,NWE,1200000.0
544,,Dion Lewis,RB,NWE,1200000.0
545,,Marcus Gilchrist,DB,HOU,1200000.0
546,,Alfred Morris,RB,DAL,1200000.0
547,548.0,Xavier Su'a-Filo,OG,HOU,1177036.0
548,549.0,Phillip Dorsett,WR,NWE,1174583.0
549,550.0,Jack Conklin,OT,TEN,1172621.0
550,551.0,Demarcus Lawrence,DE,DAL,1170907.0
551,552.0,Leonard Floyd,OLB,CHI,1167403.0
552,553.0,Damarious Randall,FS,GNB,1154612.0
553,554.0,Eric Wood,C,BUF,1150000.0
554,,Jahri Evans,T,GNB,1150000.0
555,,Linval Joseph,DT,MIN,1150000.0
556,557.0,Eli Apple,CB,NYG,1138742.0
557,558.0,Malcom Brown,DT,NWE,1127112.0
558,559.0,Marqise Lee,WR,JAX,1125549.0
559,560.0,Brad Wing,P,NYG,1125000.0
560,561.0,Cody Davis,S,LAR,1111111.0
561,562.0,Lamarcus Joyner,CB,LAR,1105934.0
562,563.0,Craig Robertson,LB,NOR,1105000.0
563,564.0,Demetrius Harris,TE,KAN,1100000.0
564,,Russell Shepard,WR,CAR,1100000.0
565,,Jonathan Stewart,RB,CAR,1100000.0
566,,DeAngelo Hall,DB,WAS,1100000.0
567,,Margus Hunt,DE,IND,1100000.0
568,,Jacquizz Rodgers,RB,TAM,1100000.0
569,,Tress Way,P,WAS,1100000.0
570,,Anthony Sherman,RB,KAN,1100000.0
571,,L.P. Ladouceur,LS,DAL,1100000.0
572,,Tank Carradine,DE,SFO,1100000.0
573,,David DeCastro,G,PIT,1100000.0
574,575.0,Jordan Matthews,WR,BUF,1094900.0
575,576.0,Vernon Hargreaves,CB,TAM,1094439.0
576,577.0,Weston Richburg,C,NYG,1085093.0
577,578.0,Eddie Pleasant,SS,HOU,1078000.0
578,579.0,Kiko Alonso,ILB,MIA,1075000.0
579,,Theo Riddick,RB,DET,1075000.0
580,581.0,Josh Gordon,WR,CLE,1068406.0
581,582.0,Paul Richardson,WR,SEA,1062659.0
582,583.0,Marshall Newhouse,GT,OAK,1050000.0
583,,DeShawn Shead,DB,SEA,1050000.0
584,585.0,Sheldon Rankins,DT,NOR,1031893.0
585,586.0,Bradley Roby,CB,DEN,1018072.0
586,587.0,Timmy Jernigan,DT,PHI,1017284.0
587,588.0,Laremy Tunsil,OT,MIA,1016257.0
588,589.0,Stephone Anthony,ILB,MIA,1004015.0
589,590.0,Charles Johnson,DE,CAR,1000000.0
590,,Brock Coyle,LB,SFO,1000000.0
591,,Lawrence Timmons,LB,MIA,1000000.0
592,,Dekoda Watson,LB,SFO,1000000.0
593,,Brian Winters,OG,NYJ,1000000.0
594,,Matt Kalil,OT,CAR,1000000.0
595,,Frostee Rucker,DE,ARI,1000000.0
596,,Nick Foles,QB,PHI,1000000.0
597,,Corey Graham,DB,PHI,1000000.0
598,,Kelvin Benjamin,WR,2TM,1000000.0
599,,Ross Cockrell,CB,NYG,1000000.0
600,,Pat Sims,DT,CIN,1000000.0
601,,Ryan Mallett,QB,BAL,1000000.0
602,,Sherrick McManis,DB,CHI,1000000.0
603,,Karlos Dansby,LB,ARI,1000000.0
604,,Willie Young,DE,CHI,1000000.0
605,,La'el Collins,OT,DAL,1000000.0
606,,Daniel Kilgore,OL,SFO,1000000.0
607,,Mike Adams,DB,CAR,1000000.0
608,,Luke Willson,TE,SEA,1000000.0
609,,Byron Bell,T,DAL,1000000.0
610,,Eric Weems,WR,TEN,1000000.0
611,,Tom Compton,T,CHI,1000000.0
612,,David Harris,LB,NWE,1000000.0
613,,Mario Addison,DE,CAR,1000000.0
614,,Beau Brinkley,LSTE,TEN,1000000.0
615,,Jeremy Maclin,WR,BAL,1000000.0
616,,Lance Dunbar,RB,LAR,1000000.0
617,,Kellen Clemens,QB,LAC,1000000.0
618,,Terrance Williams,WR,DAL,1000000.0
619,,Justin Durant,LB,DAL,1000000.0
620,,Alshon Jeffery,WR,PHI,1000000.0
621,,Breno Giacomini,G,HOU,1000000.0
622,,Christian Jones,ILB,CHI,1000000.0
623,,Stephon Tuitt,DT,PIT,1000000.0
624,,Don Muhlbach,C,DET,1000000.0
625,,Lee Smith,TE,OAK,1000000.0
626,,Kamar Aiken,WR,IND,1000000.0
627,,Mason Crosby,K,GNB,1000000.0
628,,Danny Woodhead,RB,BAL,1000000.0
629,,Chris Long,DE,PHI,1000000.0
630,,Jon Ryan,P,SEA,1000000.0
631,,Tramon Williams,DB,ARI,1000000.0
632,,Derrick Johnson,LB,KAN,1000000.0
633,,Zak DeOssie,LB,NYG,1000000.0
634,,Tom Brady,QB,NWE,1000000.0
635,,Adrian Peterson,RB,2TM,1000000.0
636,,Kasim Edebali,OLB,2TM,1000000.0
637,,Stephen Paea,DT,DAL,1000000.0
638,,Tyvon Branch,DB,ARI,1000000.0
639,,Julius Peppers,DE,CAR,1000000.0
640,,Anthony Castonzo,OL,IND,1000000.0
641,,Matthew Stafford,QB,DET,1000000.0
642,,Darius Butler,DB,IND,1000000.0
643,,Jack Doyle,TE,IND,1000000.0
644,,Joe Berger,T,MIN,1000000.0
645,,Andy Lee,P,ARI,1000000.0
646,,Mitch Unrein,DT,CHI,1000000.0
647,,Jonathan Cooper,OG,DAL,1000000.0
648,,Ryan Schraeder,T,ATL,1000000.0
649,,Jon Condo,LB,OAK,1000000.0
650,,Nick Folk,K,TAM,1000000.0
651,,Brandon Fusco,OL,SFO,1000000.0
652,,Zach Kerr,NT,DEN,1000000.0
653,,Nolan Carroll,DB,DAL,1000000.0
654,,John Kuhn,FB,NOR,1000000.0
655,,Ahmad Brooks,LB,GNB,1000000.0
656,,Keenan Allen,WR,LAC,1000000.0
657,658.0,Jeremiah Attaochu,OLB,LAC,993150.0
658,659.0,Landon Collins,SS,NYG,991415.0
659,660.0,Kyle Van Noy,OLB,NWE,990741.0
660,661.0,Karl Joseph,SS,OAK,990196.0
661,662.0,Darqueze Dennard,CB,CIN,988032.0
662,663.0,Donovan Smith,OT,TAM,986715.0
663,664.0,Mario Edwards,DE,OAK,982015.0
664,665.0,Corey Coleman,WR,CLE,979773.0
665,666.0,Rhett Ellison,FB,NYG,975000.0
666,,Ted Larsen,C,MIA,975000.0
667,,Don Carey,DB,DET,975000.0
668,,Kyle Nelson,TE,SFO,975000.0
669,670.0,T.J. Yeldon,RB,JAX,972617.0
670,671.0,Troy Niklas,TE,ARI,968632.0
671,672.0,Preston Smith,DE,WAS,960395.0
672,673.0,Dee Ford,DE,KAN,957704.0
673,674.0,Davante Adams,WR,GNB,956373.0
674,675.0,Eddie Goldman,DT,CHI,951938.0
675,676.0,Case Keenum,QB,MIN,950000.0
676,,Derek Carrier,WR,LAR,950000.0
677,,Jayrone Elliott,LB,DAL,950000.0
678,,Reshad Jones,DB,MIA,950000.0
679,680.0,Taylor Decker,OT,DET,948499.0
680,681.0,T.J. McDonald,FS,MIA,944445.0
681,682.0,Keanu Neal,FS,ATL,938075.0
682,683.0,Austin Seferian-Jenkins,TE,NYJ,936690.0
683,684.0,Alex Okafor,DE,NOR,935000.0
684,685.0,Cody Latimer,WR,DEN,925725.0
685,686.0,Ryan Kelly,C,IND,925045.0
686,687.0,John Jerry,G,NYG,925000.0
687,688.0,Benardrick McKinney,ILB,HOU,920921.0
688,689.0,Shaq Lawson,DE,BUF,917226.0
689,690.0,Darron Lee,OLB,NYJ,914620.0
690,691.0,Hau'oli Kikaha,OLB,NOR,913755.0
691,692.0,Will Fuller,WR,HOU,912014.0
692,693.0,Antonio Brown,WR,PIT,910000.0
693,694.0,Jack Mewhort,OT,IND,907337.0
694,695.0,Josh Doctson,WR,WAS,906802.0
695,696.0,Eric Kendricks,ILB,MIN,903720.0
696,697.0,Laquon Treadwell,WR,MIN,901590.0
697,698.0,Rey Maualuga,LB,MIA,900000.0
698,,Eric Berry,DB,KAN,900000.0
699,,Mike Tolbert,RB,BUF,900000.0
700,,Anthony Levine,S,BAL,900000.0
701,,Captain Munnerlyn,DB,CAR,900000.0
702,,Ramon Humber,LB,BUF,900000.0
703,,Kendall Langford,DE,HOU,900000.0
704,,Tavon Wilson,FS,DET,900000.0
705,,Joe Webb,WR,BUF,900000.0
706,,LeGarrette Blount,RB,PHI,900000.0
707,,Morgan Cox,C,BAL,900000.0
708,,Demario Davis,OLB,NYJ,900000.0
709,,Phillip Supernaw,TE,TEN,900000.0
710,,Tramaine Brock,DB,MIN,900000.0
711,,Sam Young,T,MIA,900000.0
712,,Connor Barth,K,CHI,900000.0
713,,Jon Weeks,C,HOU,900000.0
714,,Nick Sundberg,C,WAS,900000.0
715,,Frank Zombo,LB,KAN,900000.0
716,,Alterraun Verner,DB,MIA,900000.0
717,,Garrison Sanborn,C,TAM,900000.0
718,,Latavius Murray,RB,MIN,900000.0
719,,J.J. Jansen,C,CAR,900000.0
720,,Brett Goode,LB,GNB,900000.0
721,,Chandler Catanzaro,K,NYJ,900000.0
722,,Martellus Bennett,TE,2TM,900000.0
723,,Lamarr Houston,DT,2TM,900000.0
724,,Jamaal Charles,RB,DEN,900000.0
725,,Lawrence Guy,DT,NWE,900000.0
726,,John Sullivan,C,LAR,900000.0
727,,Matt Slater,WR,NWE,900000.0
728,,Evander Hood,DT,WAS,900000.0
729,,Brandon Tate,WR,BUF,900000.0
730,,Roy Miller,DT,KAN,900000.0
731,,Blaine Gabbert,QB,ARI,900000.0
732,,Glover Quin,DB,DET,900000.0
733,,Colt Anderson,DB,BUF,900000.0
734,,Caleb Sturgis,K,PHI,900000.0
735,,Mike Windt,C,LAC,900000.0
736,,John Denney,DE-C,MIA,900000.0
737,,Chase Daniel,QB,NOR,900000.0
738,,Darren McFadden,RB,DAL,900000.0
739,,Lardarius Webb,DB,BAL,900000.0
740,741.0,Allen Robinson,WR,JAX,898755.0
741,742.0,Jarvis Landry,WR,MIA,893852.0
742,743.0,Justin Britt,OT,SEA,891400.0
743,744.0,William Jackson,CB,CIN,891166.0
744,745.0,Michael Floyd,WR,MIN,887058.0
745,746.0,Artie Burns,CB,PIT,885954.0
746,747.0,Darryl Tapp,DE,TAM,882353.0
747,748.0,Jeremy Hill,RB,CIN,881855.0
748,749.0,Paxton Lynch,QB,DEN,880741.0
749,750.0,Eric Rowe,CB,NWE,878623.0
750,751.0,Kenny Clark,DT,GNB,875529.0
751,752.0,Ryan Griffin,TE,HOU,875000.0
752,753.0,Jason Verrett,CB,LAC,860000.0
753,754.0,Fozzy Whittaker,RB,CAR,850000.0
754,,Manti Te'o,ILB,NOR,850000.0
755,,Colton Schmidt,P,BUF,850000.0
756,,LaRoy Reynolds,LB,ATL,850000.0
757,,Chris Banjo,S,NOR,850000.0
758,,Nate Palmer,LB,TEN,850000.0
759,,Vlad Ducasse,G,BUF,850000.0
760,,Matt Tobin,T,SEA,850000.0
761,762.0,Chris Johnson,RB,ARI,847059.0
762,763.0,Nate Orchard,OLB,CLE,841028.0
763,764.0,Robert Nkemdiche,DT,ARI,840936.0
764,765.0,Keith Tandy,S,TAM,840000.0
765,766.0,Devin Funchess,WR,CAR,836900.0
766,767.0,Mitch Morse,OT,KAN,834826.0
767,768.0,Denzel Perryman,ILB,LAC,831724.0
768,769.0,Vernon Butler,DT,CAR,831660.0
769,770.0,Jordan Phillips,DT,MIA,831628.0
770,771.0,Germain Ifedi,OT,SEA,825687.0
771,772.0,Nate Ebner,DB,NWE,825000.0
772,773.0,Carlos Hyde,RB,SFO,822047.0
773,774.0,Jimmy Garoppolo,QB,SFO,820077.0
774,775.0,Kony Ealy,DE,NYJ,803660.0
775,776.0,Maxx Williams,TE,BAL,803431.0
776,777.0,Ronald Darby,CB,PHI,800426.0
777,778.0,Michael Wilhoite,LB,SEA,800000.0
778,,Sealver Siliga,DT,TAM,800000.0
779,,Neiko Thorpe,DB,SEA,800000.0
780,,Lance Kendricks,TE,GNB,800000.0
781,,Bradley McDougald,FS,SEA,800000.0
782,,Shareece Wright,DB,BUF,800000.0
783,,LaAdrian Waddle,T,NWE,800000.0
784,,Joe Looney,G,DAL,800000.0
785,,Kevin Minter,ILB,CIN,800000.0
786,,James Develin,RB,NWE,800000.0
787,,Robert Turbin,RB,IND,800000.0
788,,Andre Holmes,WR,BUF,800000.0
789,,Chris Jones,P,DAL,800000.0
790,,Brice Butler,WR,DAL,800000.0
791,,Blair Walsh,K,SEA,800000.0
792,793.0,Trai Turner,OG,CAR,797000.0
793,794.0,Rob Havenstein,OT,LAR,795911.0
794,795.0,Ricky Jean-Francois,DT,2TM,794118.0
795,796.0,Billy Turner,OT,DEN,794000.0
796,797.0,Jaquiski Tartt,SS,SFO,792910.0
797,798.0,Markus Golden,OLB,ARI,791212.0
798,799.0,Ty Sambrailo,OT,ATL,784633.0
799,800.0,Brandin Cooks,WR,NWE,781599.0
800,801.0,Josh Harris,LS,ATL,780000.0
801,802.0,Ha Ha Clinton-Dix,FS,GNB,778534.0
802,803.0,Quinten Rollins,CB,GNB,775233.0
803,804.0,Quinton Dial,DE,GNB,775001.0
804,805.0,Austin Davis,QB,SEA,775000.0
805,,Josh Bynes,LB,ARI,775000.0
806,,Brandon Williams,TE,IND,775000.0
807,,Geno Smith,QB,NYG,775000.0
808,,Chris Carter,DL,WAS,775000.0
809,,Colin Jones,DB,CAR,775000.0
810,,Josh Bellamy,WR,CHI,775000.0
811,,Terence Garvin,LB,SEA,775000.0
812,,Brian Quick,WR,WAS,775000.0
813,,Jaron Brown,WR,ARI,775000.0
814,,Rashaan Melvin,CB,IND,775000.0
815,,Zach Ertz,TE,PHI,775000.0
816,,Coty Sensabaugh,CB,PIT,775000.0
817,,Julian Stanford,LB,NYJ,775000.0
818,,Brandon Williams,DT,BAL,775000.0
819,,A.Q. Shipley,C,ARI,775000.0
820,,John Jenkins,DT,CHI,775000.0
821,,Jimmy Smith,CB,BAL,775000.0
822,,Taiwan Jones,RB,BUF,775000.0
823,,Wes Horton,DE,CAR,775000.0
824,,Sam Acho,OLB,CHI,775000.0
825,,Randy Bullock,K,CIN,775000.0
826,,Dennis Kelly,OT,TEN,775000.0
827,,Bruce Carter,LB,NYJ,775000.0
828,,Cameron Heyward,DE,PIT,775000.0
829,,Amini Silatolu,T,CAR,775000.0
830,,Blidi Wreh-Wilson,CB,ATL,775000.0
831,,Brock Osweiler,QB,DEN,775000.0
832,,Jordan Todman,RB,HOU,775000.0
833,,Josh LeRibeus,G,NOR,775000.0
834,,Rafael Bush,S,NOR,775000.0
835,,Oday Aboushi,OT,SEA,775000.0
836,,Tyrunn Walker,DL,LAR,775000.0
837,,Andre Ellington,RB,2TM,775000.0
838,,Ryan Davis,DE,BUF,775000.0
839,,Darryl Morris,CB,NYG,775000.0
840,,J.T. Thomas,LB,NYG,775000.0
841,,Jake McQuaide,LS,LAR,775000.0
842,,Benny Cunningham,RB,CHI,775000.0
843,,Tony Bergstrom,OT,2TM,775000.0
844,,Courtney Upshaw,OLB,ATL,775000.0
845,,Robert McClain,DB,TAM,775000.0
846,,Kevin McDermott,LS,MIN,775000.0
847,,Brian Schwenke,C,TEN,775000.0
848,,EJ Manuel,QB,OAK,775000.0
849,,Stefen Wisniewski,OL,PHI,775000.0
850,,Ben Jacobs,LB,CAR,775000.0
851,,Nickell Robey-Coleman,CB,LAR,775000.0
852,,Sterling Moore,CB,NOR,775000.0
853,,Jeremy Kerley,WR,NYJ,775000.0
854,,Austin Pasztor,OL,ATL,775000.0
855,,Kai Forbath,K,MIN,775000.0
856,,Rodney McLeod,S,PHI,775000.0
857,,Arrelious Benn,WR,JAX,775000.0
858,,Junior Galette,DE,WAS,775000.0
859,,Patrick Omameh,G,JAX,775000.0
860,,Doug Baldwin,WR,SEA,775000.0
861,,Leonard Johnson,CB,BUF,775000.0
862,,Najee Goode,ILB,PHI,775000.0
863,,Bradley Sowell,T,CHI,775000.0
864,,Cedric Thornton,DT,BUF,775000.0
865,,MarQueis Gray,TE,MIA,775000.0
866,,Jarvis Jenkins,DL,KAN,775000.0
867,,Patrick Robinson,DB,PHI,775000.0
868,,Aaron Brewer,LS,ARI,775000.0
869,,Justin Hunter,WR,PIT,775000.0
870,,Brandon Bolden,RB,NWE,775000.0
871,,Matt Overton,LS,JAX,775000.0
872,,Ryan Quigley,P,MIN,775000.0
873,,Kyle Love,DT,CAR,775000.0
874,,Damion Square,DE,LAC,775000.0
875,,David Bakhtiari,OT,GNB,775000.0
876,,Logan Paulsen,TE,SFO,775000.0
877,878.0,Frank Clark,DE,SEA,774294.0
878,879.0,Jordan Richards,SS,NWE,772413.0
879,880.0,Jake Fisher,OT,CIN,772229.0
880,881.0,Charles Sims,RB,TAM,764000.0
881,882.0,Chance Warmack,OG,PHI,760000.0
882,883.0,Emmanuel Ogbah,DE,CLE,750438.0
883,884.0,Branden Oliver,RB,LAC,750000.0
884,,Josh Mauro,DE,ARI,750000.0
885,886.0,Kevin Dodd,DE,TEN,747832.0
886,887.0,Jaylon Smith,OLB,DAL,745226.0
887,888.0,Hunter Henry,TE,LAC,740014.0
888,889.0,Myles Jack,OLB,JAX,737929.0
889,890.0,Sean Mannion,QB,LAR,730037.0
890,891.0,Steven Johnson,LB,2TM,729412.0
891,,Jeff Locke,P,DET,729412.0
892,,Asa Jackson,CB,SFO,729412.0
893,,Nick Bellore,LB,DET,729412.0
894,,Sean Spence,LB,2TM,729412.0
895,896.0,Jelani Jenkins,OLB,HOU,729411.0
896,897.0,Xavien Howard,CB,MIA,728547.0
897,898.0,Jay Bromley,DT,NYG,725000.0
898,899.0,Noah Spence,DE,TAM,724377.0
899,900.0,A.J. Cann,OG,JAX,721000.0
900,901.0,Sterling Shepard,WR,NYG,720208.0
901,902.0,Reggie Ragland,ILB,KAN,715517.0
902,903.0,Kamalei Correa,OLB,BAL,711347.0
903,904.0,Clive Walford,TE,OAK,710646.0
904,905.0,Kareem Martin,DE,ARI,710000.0
905,906.0,Chris Jones,DT,KAN,708238.0
906,907.0,Austin Johnson,DT,TEN,707374.0
907,908.0,Leon Hall,DB,SFO,705882.0
908,909.0,Terrence Brooks,FS,NYJ,705000.0
909,910.0,Ali Marpet,C,TAM,703054.0
910,911.0,Jihad Ward,DE,OAK,701809.0
911,912.0,Jerick McKinnon,RB,MIN,700000.0
912,,Tre Boston,FS,LAC,700000.0
913,,Charcandrick West,RB,KAN,700000.0
914,,Logan Thomas,TE,BUF,700000.0
915,,Darren Fells,TE,DET,700000.0
916,,James Hurst,OT,BAL,700000.0
917,,Phillip Gaines,CB,KAN,700000.0
918,,Michael Campanaro,WR,BAL,700000.0
919,,Jonotthan Harrison,C,NYJ,700000.0
920,921.0,Derrick Henry,RB,TEN,695815.0
921,922.0,Tyler Lockett,WR,SEA,695000.0
922,923.0,Alfred Blue,RB,HOU,690000.0
923,,Derrick Coleman,RB,ATL,690000.0
924,,Steven Terrell,DB,KAN,690000.0
925,,Tyler Shatley,OG,JAX,690000.0
926,,Tommy Bohanon,FB,JAX,690000.0
927,,Antone Exum,CB,SFO,690000.0
928,,Pierre Desir,CB,IND,690000.0
929,,Nick Williams,WR,ATL,690000.0
930,,Mike Pennel,DT,NYJ,690000.0
931,,Ty Nsekhe,T,WAS,690000.0
932,,Terrance Mitchell,CB,KAN,690000.0
933,,Chris Smith,DE,CIN,690000.0
934,,Kenneth Acker,CB,KAN,690000.0
935,,De'Anthony Thomas,RB,KAN,690000.0
936,,Tom Savage,QB,HOU,690000.0
937,,Daniel Sorensen,S,KAN,690000.0
938,,Ryan Grant,WR,WAS,690000.0
939,,Laurent Duvernay-Tardif,OT,KAN,690000.0
940,,Marcus Burley,CB,HOU,690000.0
941,,Daniel McCullers,DT,PIT,690000.0
942,,Marquis Flowers,OLB,NWE,690000.0
943,,Beau Allen,DT,PHI,690000.0
944,,Marcus Smith,DE,SEA,690000.0
945,,Walt Aikens,CB,MIA,690000.0
946,,Bruce Ellington,WR,HOU,690000.0
947,,Jimmie Ward,SS,SFO,690000.0
948,,Corey Nelson,OLB,DEN,690000.0
949,,Nat Berhe,SS,NYG,690000.0
950,,Orleans Darkwa,RB,NYG,690000.0
951,,Brent Urban,DE,BAL,690000.0
952,,Dontae Johnson,FS,SFO,690000.0
953,,David King,DE,TEN,690000.0
954,,Andrew DePaola,LS,CHI,690000.0
955,,T.J. Jones,WR,DET,690000.0
956,,Jordan Tripp,OLB,ATL,690000.0
957,,Adarius Glanton,LB,TAM,690000.0
958,,Cameron Brate,TE,TAM,690000.0
959,,Jake Matthews,OT,ATL,690000.0
960,,Keith McGill,CB,OAK,690000.0
961,,Dakota Dozier,OT,NYJ,690000.0
962,,Sammy Watkins,WR,LAR,690000.0
963,,Will Clarke,DE,TAM,690000.0
964,,Pat O'Donnell,P,CHI,690000.0
965,,Jerel Worthy,DT,BUF,690000.0
966,,Ben Garland,DL,ATL,690000.0
967,,James White,RB,NWE,690000.0
968,,Jonathan Bostic,LB,IND,690000.0
969,,Mike Evans,WR,TAM,690000.0
970,,Khalil Mack,OLB,OAK,690000.0
971,,Kevin Pierre-Louis,OLB,KAN,690000.0
972,,Jadeveon Clowney,DE,HOU,690000.0
973,,Kenny Wiggins,T,LAC,690000.0
974,,Luke Bowanko,C,BAL,690000.0
975,,Dustin Hopkins,K,WAS,690000.0
976,,Keith Smith,LB,DAL,690000.0
977,,Brandon Dunn,DT,HOU,690000.0
978,,Jay Prosch,FB,HOU,690000.0
979,,A.J. McCarron,QB,CIN,690000.0
980,,Terrence Fede,DE,MIA,690000.0
981,,Jaylen Watkins,CB,PHI,690000.0
982,,Adrian Phillips,DB,LAC,690000.0
983,,Joe Banyard,RB,BUF,690000.0
984,,Cody Parkey,K,MIA,690000.0
985,,Brittan Golden,WR,ARI,690000.0
986,,Steven Means,DE,PHI,690000.0
987,,Dewey McDonald,S,SEA,690000.0
988,,Peyton Thompson,CB,JAX,690000.0
989,,Jeff Janis,WR,GNB,690000.0
990,,Jeremiah Sirles,OT,MIN,690000.0
991,,Kerwynn Williams,RB,ARI,690000.0
992,,Bene Benwikere,CB,DAL,690000.0
993,,Cassius Marsh,DE,2TM,690000.0
994,995.0,Nick Novak,K,LAC,688235.0
995,,John Hughes,DT,NOR,688235.0
996,,John Greco,T,NYG,688235.0
997,998.0,A'Shawn Robinson,DT,DET,687892.0
998,999.0,Ameer Abdullah,RB,DET,687830.0
999,1000.0,Hroniss Grasu,C,CHI,687500.0
1000,1001.0,Jamon Brown,OT,LAR,686686.0
1001,1002.0,George Johnson,DE,2TM,683824.0
1002,,Johnthan Banks,CB,HOU,683824.0
1003,,Robert Blanton,CB,BUF,683824.0
1004,,David Bass,DE,2TM,683824.0
1005,1006.0,Damontre Moore,DE,DAL,683823.0
1006,1007.0,Michael Thomas,WR,NOR,682681.0
1007,1008.0,Tevin Coleman,RB,ATL,680000.0
1008,1009.0,Jason Spriggs,OT,GNB,677468.0
1009,1010.0,Jarran Reed,DT,SEA,672256.0
1010,1011.0,Nick Martin,C,HOU,667044.0
1011,1012.0,Deion Jones,OLB,ATL,656620.0
1012,1013.0,David Amerson,CB,OAK,650000.0
1013,1014.0,Cornelius Lucas,T,LAR,649412.0
1014,1015.0,Jordan Devey,T,KAN,649408.0
1015,1016.0,Mackensie Alexander,CB,MIN,646196.0
1016,1017.0,Jaelen Strong,WR,2TM,644705.0
1017,1018.0,Tyler Boyd,WR,CIN,643589.0
1018,1019.0,Duke Johnson,RB,CLE,642500.0
1019,1020.0,Cody Whitehair,OG,CHI,642026.0
1020,1021.0,P.J. Williams,CB,NOR,640000.0
1021,1022.0,T.J. Green,FS,IND,639420.0
1022,1023.0,Tim Lelito,G,DET,638235.0
1023,1024.0,Danielle Hunter,DE,MIN,636000.0
1024,1025.0,Sean Davis,FS,PIT,635771.0
1025,1026.0,Justin Drescher,C,ARI,635292.0
1026,1027.0,Chris Conley,WR,KAN,635000.0
1027,1028.0,Eli Harold,OLB,SFO,634000.0
1028,1029.0,Jordan Hicks,OLB,PHI,633000.0
1029,1030.0,Carl Davis,DT,BAL,630750.0
1030,1031.0,Vonn Bell,SS,NOR,630559.0
1031,1032.0,Chaz Green,OT,DAL,630375.0
1032,1033.0,James Bradberry,CB,CAR,630038.0
1033,1034.0,Henry Anderson,DE,IND,629500.0
1034,1035.0,Adam Gotsis,DT,DEN,628996.0
1035,1036.0,Tyler Kroft,TE,CIN,628000.0
1036,1037.0,Ty Montgomery,WR/RB,GNB,625000.0
1037,1038.0,Kevin Byard,S,TEN,618566.0
1038,1039.0,Steven Nelson,CB,KAN,618500.0
1039,1040.0,Carl Nassib,DE,CLE,618110.0
1040,1041.0,Max Garcia,C,DEN,615000.0
1041,,Matt Paradis,C,DEN,615000.0
1042,,Jon Feliciano,OG,OAK,615000.0
1043,,Thomas Rawls,RB,SEA,615000.0
1044,,Amari Cooper,WR,OAK,615000.0
1045,,Trey Flowers,DE,NWE,615000.0
1046,,Sean McGrath,TE,LAC,615000.0
1047,,Xavier Williams,DT,ARI,615000.0
1048,,Trent Brown,OT,SFO,615000.0
1049,,John Miller,OG,BUF,615000.0
1050,,Rodney Gunter,DT,ARI,615000.0
1051,,Josh Wells,T,JAX,615000.0
1052,,T.J. Clemmings,OT,WAS,615000.0
1053,,Seth Roberts,WR,OAK,615000.0
1054,,Geremy Davis,WR,LAC,615000.0
1055,,Darrell Williams,T,LAR,615000.0
1056,,Jason Myers,K,JAX,615000.0
1057,,Andrew Donnal,OT,BAL,615000.0
1058,,Za'Darius Smith,DE,BAL,615000.0
1059,,Quinton Dunbar,WR,WAS,615000.0
1060,,Marcus Mariota,QB,TEN,615000.0
1061,,Jalston Fowler,FB,TEN,615000.0
1062,,Bradley Pinion,P,SFO,615000.0
1063,,Jesse James,TE,PIT,615000.0
1064,,Cameron Artis-Payne,RB,CAR,615000.0
1065,,Ibraheim Campbell,SS,2TM,615000.0
1066,,Quan Bray,WR,IND,615000.0
1067,,Jay Ajayi,RB,2TM,615000.0
1068,,Brett Jones,C,NYG,615000.0
1069,,Denzelle Good,OT,IND,615000.0
1070,,Jamison Crowder,WR,WAS,615000.0
1071,,Aaron Ripkowski,FB,GNB,615000.0
1072,,Jonathan Anderson,LB,CHI,615000.0
1073,,Will Tye,TE,NYJ,615000.0
1074,,Chris McCain,LB,LAC,615000.0
1075,,Greg Van Roten,G,CAR,615000.0
1076,,Anthony Harris,DB,MIN,615000.0
1077,,Matt Longacre,DE,LAR,615000.0
1078,,Bobby Hart,OG,NYG,615000.0
1079,,JJ Nelson,WR,ARI,615000.0
1080,,Jameis Winston,QB,TAM,615000.0
1081,,Neal Sterling,WR,NYJ,615000.0
1082,,Darryl Roberts,CB,NYJ,615000.0
1083,,David Andrews,C,NWE,615000.0
1084,,Ladarius Gunter,CB,2TM,615000.0
1085,,C.J. Uzomah,TE,CIN,615000.0
1086,,Kevin White,WR,CHI,615000.0
1087,,Chris Boswell,K,PIT,615000.0
1088,,Raheem Mostert,RB,SFO,615000.0
1089,,Daryl Williams,OT,CAR,615000.0
1090,,A.J. Derby,TE,2TM,615000.0
1091,,Kendall Lamm,T,HOU,615000.0
1092,,Adrian Amos,FS,CHI,615000.0
1093,,Grady Jarrett,DT,ATL,615000.0
1094,,Nick O'Leary,TE,BUF,615000.0
1095,,Justin Hardy,WR,ATL,615000.0
1096,,Brent Qvale,T,NYJ,615000.0
1097,,Mike Hull,ILB,MIA,615000.0
1098,,Christian Covington,DT,HOU,615000.0
1099,,James O'Shaughnessy,TE,JAX,615000.0
1100,,Brandon Coleman,WR,NOR,615000.0
1101,,Shelby Harris,DE,DEN,615000.0
1102,,Leonard Williams,DT,NYJ,615000.0
1103,,Brett Hundley,QB,GNB,615000.0
1104,,Joe Thomas,LB,GNB,615000.0
1105,,Kwon Alexander,OLB,TAM,615000.0
1106,,T.Y. McGill,DT,CLE,615000.0
1107,,Tyrell Williams,WR,LAC,615000.0
1108,,Quinton Spain,OG,TEN,615000.0
1109,,Greg Mancz,C,HOU,615000.0
1110,,Nick Easton,C,MIN,615000.0
1111,,Darius Philon,DT,LAC,615000.0
1112,,Michael Burton,FB,CHI,615000.0
1113,,Justin Coleman,CB,SEA,615000.0
1114,,Deshazor Everett,CB,WAS,615000.0
1115,,Damien Wilson,ILB,DAL,615000.0
1116,,Brian Peters,LB,HOU,615000.0
1117,,Bennie Fowler,WR,DEN,615000.0
1118,,Jamie Meder,DT,CLE,615000.0
1119,,Martavis Bryant,WR,PIT,615000.0
1120,,Sammie Coates,WR,CLE,615000.0
1121,,David Mayo,ILB,CAR,615000.0
1122,,Clayton Geathers,SS,IND,615000.0
1123,,Tyler Patmon,CB,JAX,615000.0
1124,,Javorius Allen,RB,BAL,615000.0
1125,,Ramik Wilson,ILB,KAN,615000.0
1126,,Bobby McCain,CB,MIA,615000.0
1127,,Nick Boyle,TE,BAL,615000.0
1128,,Mark Glowinski,OG,SEA,615000.0
1129,,Shaquil Barrett,OLB,DEN,615000.0
1130,,Stefon Diggs,WR,MIN,615000.0
1131,,Brandon Scherff,G,WAS,615000.0
1132,,Blake Bell,TE,MIN,615000.0
1133,,Martrell Spaight,OLB,WAS,615000.0
1134,,Ricardo Allen,CB,ATL,615000.0
1135,,Roosevelt Nix,LB,PIT,615000.0
1136,,Trevor Siemian,QB,DEN,615000.0
1137,,Tyeler Davison,DT,NOR,615000.0
1138,,Brandon King,DB,NWE,615000.0
1139,,Daniel Brown,WR,CHI,615000.0
1140,,Bryce Hager,ILB,LAR,615000.0
1141,,Kyle Emanuel,OLB,LAC,615000.0
1142,,Dexter McDonald,CB,OAK,615000.0
1143,,Vic Beasley,OLB,ATL,615000.0
1144,,Lorenzo Doss,CB,DEN,615000.0
1145,,Willie Snead,WR,NOR,615000.0
1146,,Corey Grant,RB,JAX,615000.0
1147,,Dion Jordan,DE,SEA,615000.0
1148,,Rakeem Nunez-Roches,DT,KAN,615000.0
1149,,Jake Ryan,OLB,GNB,615000.0
1150,,K'Waun Williams,DB,SFO,615000.0
1151,,Quandre Diggs,CB,DET,615000.0
1152,,Rod Smith,RB,DAL,615000.0
1153,,D.J. Alexander,OLB,SEA,615000.0
1154,,Leterrius Walton,DT,PIT,615000.0
1155,,Anthony Steen,OG,MIA,615000.0
1156,,Khari Lee,TE,BUF,615000.0
1157,,Zach Zenner,RB,DET,615000.0
1158,,Hayes Pullard,ILB,LAC,615000.0
1159,,David Johnson,RB,ARI,615000.0
1160,,Joe Cardona,LS,NWE,615000.0
1161,,Terron Ward,RB,ATL,615000.0
1162,,Kurtis Drummond,S,HOU,615000.0
1163,,Anthony Chickillo,DE,PIT,615000.0
1164,,Josh Shaw,CB,CIN,615000.0
1165,,Jordan Berry,P,PIT,615000.0
1166,,Ayodeji Olatoye,DB,2TM,615000.0
1167,,Geoff Swaim,TE,DAL,615000.0
1168,,Zac Kerin,C,DET,615000.0
1169,,Bryce Callahan,CB,CHI,615000.0
1170,,Jared Abbrederis,WR,DET,615000.0
1171,,Charley Hughlett,LS,CLE,615000.0
1172,,Josh Walker,G,JAX,615000.0
1173,,Craig Mager,CB,LAC,615000.0
1174,,Shaq Mason,C,NWE,615000.0
1175,,Chris Matthews,WR,BAL,615000.0
1176,,Corey Robinson,OT,DET,615000.0
1177,,Tre McBride,WR,CHI,615000.0
1178,,Jeremiah George,ILB,IND,615000.0
1179,,Derron Smith,FS,2TM,615000.0
1180,,Ryan Russell,DE,TAM,615000.0
1181,,Adam Humphries,WR,TAM,615000.0
1182,,Jeff Heuerman,TE,DEN,615000.0
1183,,James Winchester,LS,KAN,615000.0
1184,,Bryce Petty,QB,NYJ,615000.0
1185,,Rontez Miles,FS,NYJ,615000.0
1186,1187.0,Maliek Collins,DT,DAL,612500.0
1187,1188.0,Deandre Coleman,DT,BUF,608820.0
1188,1189.0,Yannick Ngakoue,OLB,JAX,605041.0
1189,1190.0,Cody Kessler,QB,CLE,604049.0
1190,1191.0,Bronson Kaufusi,DE,BAL,603500.0
1191,1192.0,Jonathan Bullard,DE,CHI,599000.0
1192,1193.0,Kenyan Drake,RB,MIA,595000.0
1193,1194.0,Marcus Cromartie,CB,HOU,592647.0
1194,,Earl Watford,OG,ARI,592647.0
1195,,Shamarko Thomas,SS,BUF,592647.0
1196,,Michael Person,OL,IND,592647.0
1197,1198.0,Zach Line,FB,NOR,592644.0
1198,,Stevan Ridley,RB,PIT,592644.0
1199,1200.0,Dwight Freeney,DE,2TM,588235.0
1200,1201.0,Darian Thompson,FS,NYG,585000.0
1201,1202.0,Ahtyba Rubin,NT,2TM,582353.0
1202,,Leger Douzable,DT,SFO,582353.0
1203,1204.0,C.J. Spiller,RB,KAN,582253.0
1204,1205.0,Jacoby Brissett,QB,IND,580038.0
1205,1206.0,Akeem Hunt,RB,KAN,578824.0
1206,1207.0,Isaac Seumalo,OG,PHI,574000.0
1207,1208.0,KeiVarae Russell,CB,CIN,570000.0
1208,1209.0,Kenjon Barner,RB,PHI,568235.0
1209,1210.0,Shon Coleman,OT,CLE,568000.0
1210,1211.0,C.J. Prosise,RB,SEA,565000.0
1211,1212.0,Brandon Williams,CB,ARI,563500.0
1212,1213.0,Le'Raven Clark,OT,IND,563000.0
1213,1214.0,Nick Vannett,TE,SEA,562000.0
1214,1215.0,Jordan Jenkins,OLB,NYJ,560000.0
1215,,Leonte Carroo,WR,MIA,560000.0
1216,,Daryl Worley,CB,CAR,560000.0
1217,,Kyler Fackrell,OLB,GNB,560000.0
1218,,Javon Hargrave,DT,PIT,560000.0
1219,1220.0,Graham Glasgow,OG,DET,558500.0
1220,1221.0,Kendall Fuller,CB,WAS,557500.0
1221,,Braxton Miller,WR,HOU,557500.0
1222,1223.0,Rees Odhiambo,OG,SEA,553000.0
1223,1224.0,Gerald Hodges,OLB,NOR,547059.0
1224,1225.0,Bobby Rainey,RB,BAL,547056.0
1225,1226.0,Troy Hill,CB,LAR,542647.0
1226,,Matt Jones,RB,IND,542647.0
1227,,L.J. Fort,LB,PIT,542647.0
1228,,John Timu,ILB,CHI,542647.0
1229,,David Parry,NT,NOR,542647.0
1230,,Nick Dzubnar,LB,LAC,542647.0
1231,,Geneo Grissom,OLB,NWE,542647.0
1232,1233.0,Joe Vellano,DT,ATL,542640.0
1233,1234.0,Tyreek Hill,WR,KAN,540000.0
1234,,Javien Elliott,CB,TAM,540000.0
1235,,Joey Bosa,DE,LAC,540000.0
1236,,Johnny Holton,WR,OAK,540000.0
1237,,Miles Killebrew,SS,DET,540000.0
1238,,Riley Dixon,P,DEN,540000.0
1239,,Senorise Perry,RB,MIA,540000.0
1240,,Matthew Ioannidis,DT,WAS,540000.0
1241,,Darius Latham,DT,OAK,540000.0
1242,,Kaelin Clay,WR,2TM,540000.0
1243,,Elandon Roberts,ILB,NWE,540000.0
1244,,Christopher Milton,CB,IND,540000.0
1245,,Drew Kaser,P,LAC,540000.0
1246,,Justin Simmons,FS,DEN,540000.0
1247,,Romeo Okwara,DE,NYG,540000.0
1248,,Wendell Smallwood,RB,PHI,540000.0
1249,,Austin Hooper,TE,ATL,540000.0
1250,,Rick Lovato,LS,PHI,540000.0
1251,,Cody Core,WR,CIN,540000.0
1252,,Ben Koyack,TE,JAX,540000.0
1253,,Adolphus Washington,DT,BUF,540000.0
1254,,Rashawn Scott,WR,MIA,540000.0
1255,,Jarrod Wilson,S,JAX,540000.0
1256,,Brandon Shell,OT,NYJ,540000.0
1257,,Bryan Witzmann,T,KAN,540000.0
1258,,Lac Edwards,P,NYJ,540000.0
1259,,Chester Rogers,WR,IND,540000.0
1260,,Michael Palardy,P,CAR,540000.0
1261,,Matthias Farley,DB,IND,540000.0
1262,,Dan Vitale,FB,CLE,540000.0
1263,,Tanner McEvoy,WR,SEA,540000.0
1264,,Xavier Grimble,TE,PIT,540000.0
1265,,Robert Kelley,RB,WAS,540000.0
1266,,David Onyemata,DT,NOR,540000.0
1267,,Charles Tapper,DE,DAL,540000.0
1268,,Jordan Howard,RB,CHI,540000.0
1269,,Clayton Fejedelem,FS,CIN,540000.0
1270,,Jake Brendel,C,MIA,540000.0
1271,,Charone Peake,WR,NYJ,540000.0
1272,,Connor McGovern,OG,DEN,540000.0
1273,,Joe Schobert,OLB,CLE,540000.0
1274,,Spencer Drango,OG,CLE,540000.0
1275,,Anthony Brown,CB,DAL,540000.0
1276,,Chris Manhertz,TE,CAR,540000.0
1277,,Joe Thuney,OG,NWE,540000.0
1278,,Ted Karras,OG,NWE,540000.0
1279,,Evan Boehm,C,ARI,540000.0
1280,,Tyler Ott,LS,SEA,540000.0
1281,,Will Parks,S,DEN,540000.0
1282,,Ricardo Louis,WR,CLE,540000.0
1283,,Tye Smith,CB,TEN,540000.0
1284,,Jeremy Cash,SS,CAR,540000.0
1285,,Austin Reiter,C,CLE,540000.0
1286,,J.D. McKissic,WR,SEA,540000.0
1287,,Wes Schweitzer,OT,ATL,540000.0
1288,,Caleb Benenoch,OT,TAM,540000.0
1289,,Hassan Ridgeway,DT,IND,540000.0
1290,,Joe Dahl,OG,DET,540000.0
1291,,Olsen Pierre,DT,ARI,540000.0
1292,,LeShaun Sims,CB,TEN,540000.0
1293,,Alex Erickson,WR,CIN,540000.0
1294,,David Morgan,TE,MIN,540000.0
1295,,Sheldon Day,DT,2TM,540000.0
1296,,De'Vondre Campbell,OLB,ATL,540000.0
1297,,C.J. Goodwin,WR,2TM,540000.0
1298,,Jakeem Grant,WR,MIA,540000.0
1299,,Dwayne Washington,RB,DET,540000.0
1300,,Michael Bennett,DT,JAX,540000.0
1301,,Willie Henry,DT,BAL,540000.0
1302,,Kavon Frazier,FS,DAL,540000.0
1303,,Brian Mihalik,DE,DET,540000.0
1304,,Stephen Weatherly,OLB,MIN,540000.0
1305,,Cre'von LeBlanc,DB,CHI,540000.0
1306,,Patrick Onwuasor,LB,BAL,540000.0
1307,,Tyrone Holmes,OLB,CLE,540000.0
1308,,Randall Telfer,TE,CLE,540000.0
1309,,Jerell Adams,TE,NYG,540000.0
1310,,Kalan Reed,CB,TEN,540000.0
1311,,Joel Heath,DT,HOU,540000.0
1312,,Kentrell Brothers,ILB,MIN,540000.0
1313,,Jalen Richard,RB,OAK,540000.0
1314,,Tyler Larsen,C,CAR,540000.0
1315,,Zaire Anderson,LB,DEN,540000.0
1316,,Jalen Mills,CB,PHI,540000.0
1317,,Kamu Grugier-Hill,OLB,PHI,540000.0
1318,,Ufomba Kamalu,DE,HOU,540000.0
1319,,Christian Westerman,OG,CIN,540000.0
1320,,Peyton Barber,RB,TAM,540000.0
1321,,D.J. Reader,DT,HOU,540000.0
1322,,Pharoh Cooper,WR,LAR,540000.0
1323,,David Fluellen,RB,TEN,540000.0
1324,,Ken Crawley,DB,NOR,540000.0
1325,,Derek Watt,FB,LAC,540000.0
1326,,Michael Pierce,DT,BAL,540000.0
1327,,Cory James,OLB,OAK,540000.0
1328,,Jayron Kearse,SS,MIN,540000.0
1329,,John Wetzel,T,ARI,540000.0
1330,,Brian Price,DT,DAL,540000.0
1331,,Jordan Taylor,WR,DEN,540000.0
1332,,Erik Harris,DB,OAK,540000.0
1333,,Jonathan Jones,DB,NWE,540000.0
1334,,DeAndre Washington,RB,OAK,540000.0
1335,,Eric Tomlinson,TE,NYJ,540000.0
1336,,Mike Jordan,DB,CLE,540000.0
1337,,Lafayette Pitts,CB,2TM,540000.0
1338,,Tyler Matakevich,ILB,PIT,540000.0
1339,,Rashod Hill,T,MIN,540000.0
1340,,Xavier Woodson-Luster,LB,OAK,540000.0
1341,,Brian Poole,S,ATL,540000.0
1342,,Kyle Murphy,OT,GNB,540000.0
1343,,Ryan Smith,CB,TAM,540000.0
1344,,Dominique Alexander,LB,CLE,540000.0
1345,,Sharrod Neasman,S,ATL,540000.0
1346,,Nick Kwiatkoski,ILB,CHI,540000.0
1347,,Stephen Anderson,TE,HOU,540000.0
1348,,Matt Judon,DE,BAL,540000.0
1349,,Briean Boddy-Calhoun,DB,CLE,540000.0
1350,,Juston Burris,CB,NYJ,540000.0
1351,,Rashard Robinson,CB,2TM,540000.0
1352,,Corey Moore,S,HOU,540000.0
1353,,Antonio Hamilton,CB,OAK,540000.0
1354,,Tommylee Lewis,WR,NOR,540000.0
1355,,Anthony Zettel,DE,DET,540000.0
1356,,Spencer Pulley,C,LAC,540000.0
1357,,Josh Ferguson,RB,IND,540000.0
1358,,Tyrell Adams,LB,OAK,540000.0
1359,,Eric Murray,CB,KAN,540000.0
1360,,Kentrell Brice,S,GNB,540000.0
1361,,Vadal Alexander,OG,OAK,540000.0
1362,,Marqui Christian,SS,LAR,540000.0
1363,,Tyler Higbee,TE,LAR,540000.0
1364,,Halapoulivaati Vaitai,OT,PHI,540000.0
1365,,Cory Littleton,LB,LAR,540000.0
1366,,Dean Lowry,DE,GNB,540000.0
1367,,B.J. Goodson,OLB,NYG,540000.0
1368,,Blake Countess,CB,LAR,540000.0
1369,,Casey Kreiter,LS,DEN,540000.0
1370,,Josh Hawkins,CB,GNB,540000.0
1371,,Robert Thomas,NT,NYG,540000.0
1372,,Jatavis Brown,OLB,LAC,540000.0
1373,,Parker Ehinger,OG,KAN,540000.0
1374,,Andy Janovich,FB,DEN,540000.0
1375,,Demarcus Robinson,WR,KAN,540000.0
1376,,Devontae Booker,RB,DEN,540000.0
1377,,Tyler Ervin,RB,HOU,540000.0
1378,,Antonio Morrison,ILB,IND,540000.0
1379,,Kameron Canaday,LS,PIT,540000.0
1380,,Jeremy Vujnovich,T,IND,540000.0
1381,,Brennan Scarlett,LB,HOU,540000.0
1382,,Kevon Seymour,CB,CAR,540000.0
1383,,Anthony Lanier,DE,WAS,540000.0
1384,,Malcolm Brown,RB,LAR,540000.0
1385,,Blake Martinez,ILB,GNB,540000.0
1386,,Ross Travis,TE,2TM,540000.0
1387,,Austin Blythe,C,LAR,540000.0
1388,,Chris Moore,WR,BAL,540000.0
1389,,Trevor Davis,WR,GNB,540000.0
1390,,Roger Lewis,WR,NYG,540000.0
1391,,Marwin Evans,S,GNB,540000.0
1392,,Damiere Byrd,WR,CAR,540000.0
1393,,Derrick Kindred,SS,CLE,540000.0
1394,,Terrance Smith,LB,KAN,540000.0
1395,,Jared Norris,ILB,CAR,540000.0
1396,,Joe Haeg,OT,IND,540000.0
1397,,Leonard Wester,T,TAM,540000.0
1398,,Kevin Hogan,QB,CLE,540000.0
1399,,Deon Bush,FS,CHI,540000.0
1400,,Dak Prescott,QB,DAL,540000.0
1401,,Vince Mayle,WR,BAL,540000.0
1402,,Destiny Vaeao,DT,PHI,540000.0
1403,,Dexter McCoil,S,2TM,540000.0
1404,,Nick Vigil,ILB,CIN,540000.0
1405,,Jake Rudock,QB,DET,540000.0
1406,,De'Vante Harris,DB,NOR,540000.0
1407,,Seth Devalve,TE,CLE,540000.0
1408,,B.J. Finney,C,PIT,540000.0
1409,,Alan Cross,TE,TAM,540000.0
1410,,Morgan Fox,DL,LAR,540000.0
1411,,Curtis Riley,CB,TEN,540000.0
1412,,Eli Rogers,WR,PIT,540000.0
1413,,Andrew Adams,FS,NYG,540000.0
1414,,Wil Lutz,K,NOR,540000.0
1415,,James Cowser,LB,OAK,540000.0
1416,,Trevor Williams,CB,LAC,540000.0
1417,,Paul Perkins,RB,NYG,540000.0
1418,,Luke Rhodes,LB,IND,540000.0
1419,,Mack Brown,RB,2TM,540000.0
1420,,Robby Anderson,WR,NYJ,540000.0
1421,1422.0,Ed Stinson,DE,NYJ,527647.0
1422,1423.0,Andre Williams,RB,LAC,527644.0
1423,1424.0,Freddie Bishop,DE,NYJ,508240.0
1424,1425.0,Geronimo Allison,WR,GNB,508235.0
1425,,D.J. Foster,RB,ARI,508235.0
1426,,Kyle Peko,DT,DEN,508235.0
1427,,Emmett Cleary,T,DET,508235.0
1428,,Alex Collins,RB,BAL,508235.0
1429,1430.0,Rashard Higgins,WR,CLE,508224.0
1430,1431.0,Ulrick John,OT,GNB,506471.0
1431,,Mark Nzeocha,OLB,SFO,506471.0
1432,1433.0,Deontae Skinner,LB,NYG,506464.0
1433,1434.0,Bryce Harris,T,NOR,501471.0
1434,,Andrew Gachkar,OLB,CAR,501471.0
1435,,Deonte Thompson,WR,2TM,501471.0
1436,,Michael Mauti,OLB,NOR,501471.0
1437,1438.0,Griff Whalen,WR,BAL,501468.0
1438,1439.0,Tavarres King,WR,NYG,487059.0
1439,,Demetrius McCray,CB,OAK,487059.0
1440,1441.0,Seantrel Henderson,OT,BUF,487058.0
1441,1442.0,Garrison Smith,DT,SEA,476471.0
1442,,Arthur Jones,DT,WAS,476471.0
1443,,Brian Hoyer,QB,2TM,476471.0
1444,,DeAndre Houston-Carson,FS,CHI,476471.0
1445,1446.0,Eric Winston,T,CIN,470588.0
1446,1447.0,Ben Heeney,ILB,HOU,470294.0
1447,,Obum Gwacham,DE,NYJ,470294.0
1448,,David Irving,DE,DAL,470294.0
1449,,Tenny Palepoi,DT,LAC,470294.0
1450,1451.0,Dezmen Southward,SS,CAR,470288.0
1451,1452.0,Chris Wormley,DT,BAL,465000.0
1452,,Justin Evans,SS,TAM,465000.0
1453,,Christian McCaffrey,RB,CAR,465000.0
1454,,Zach Banner,OG,CLE,465000.0
1455,,O.J. Howard,TE,TAM,465000.0
1456,,Montravius Adams,DT,GNB,465000.0
1457,,Tarell Basham,DE,IND,465000.0
1458,,Jehu Chesson,WR,KAN,465000.0
1459,,Torry McTyer,CB,MIA,465000.0
1460,,Trae Elston,DB,2TM,465000.0
1461,,Marcus Maye,FS,NYJ,465000.0
1462,,Kenny Moore,CB,IND,465000.0
1463,,C.J. Ham,RB,MIN,465000.0
1464,,Dion Dawkins,OG,BUF,465000.0
1465,,Kendrick Bourne,WR,SFO,465000.0
1466,,Giorgio Tavecchio,K,OAK,465000.0
1467,,Taylor Moton,OT,CAR,465000.0
1468,,Desmond King,FS,LAC,465000.0
1469,,Jonnu Smith,TE,TEN,465000.0
1470,,Haason Reddick,OLB,ARI,465000.0
1471,,Aaron Jones,RB,GNB,465000.0
1472,,Kenny Golladay,WR,DET,465000.0
1473,,Tre Madden,RB,SEA,465000.0
1474,,Brian Allen,CB,PIT,465000.0
1475,,Derrick Jones,CB,NYJ,465000.0
1476,,Danny Isidora,OG,MIN,465000.0
1477,,Zay Jones,WR,BUF,465000.0
1478,,T.J. Watt,OLB,PIT,465000.0
1479,,Carl Lawson,DE,CIN,465000.0
1480,,Ethan Pocic,C,SEA,465000.0
1481,,Tyrique Jarrett,DT,DEN,465000.0
1482,,Cam Robinson,OT,JAX,465000.0
1483,,Devante Bond,OLB,TAM,465000.0
1484,,Jacob Hollister,TE,NWE,465000.0
1485,,Ryan Switzer,WR,DAL,465000.0
1486,,Adam Butler,DT,NWE,465000.0
1487,,Lorenzo Jerome,DB,SFO,465000.0
1488,,Tanner Gentry,WR,CHI,465000.0
1489,,Jeremiah Valoaga,DE,DET,465000.0
1490,,Tyus Bowser,OLB,BAL,465000.0
1491,,Taywan Taylor,WR,TEN,465000.0
1492,,Ryan Glasgow,DT,CIN,465000.0
1493,,James Conner,RB,PIT,465000.0
1494,,Alex Barrett,DE,DET,465000.0
1495,,Kasen Williams,WR,CLE,465000.0
1496,,Maurice Smith,FS,MIA,465000.0
1497,,Kendell Beckwith,ILB,TAM,465000.0
1498,,Tim Williams,OLB,BAL,465000.0
1499,,Rasul Douglas,CB,PHI,465000.0
1500,,D'Onta Foreman,RB,HOU,465000.0
1501,,Solomon Thomas,DE,SFO,465000.0
1502,,Jonathan Allen,DT,WAS,465000.0
1503,,Josh Jones,S,GNB,465000.0
1504,,Montae Nicholson,SS,WAS,465000.0
1505,,Treyvon Hester,DT,OAK,465000.0
1506,,Matt Milano,OLB,BUF,465000.0
1507,,Jaylen Hill,CB,BAL,465000.0
1508,,Pat Elflein,C,MIN,465000.0
1509,,Antony Auclair,TE,TAM,465000.0
1510,,Joshua Holsey,CB,WAS,465000.0
1511,,Jordan Evans,ILB,CIN,465000.0
1512,,Shelton Gibson,WR,PHI,465000.0
1513,,Chris Godwin,WR,TAM,465000.0
1514,,Shane Smith,FB,NYG,465000.0
1515,,Cethan Carter,TE,CIN,465000.0
1516,,Jalen Reeves-Maybin,OLB,DET,465000.0
1517,,Taco Charlton,DE,DAL,465000.0
1518,,Nazair Jones,DT,SEA,465000.0
1519,,Deshaun Watson,QB,HOU,465000.0
1520,,Julie'n Davenport,OT,HOU,465000.0
1521,,Alex Anzalone,OLB,NOR,465000.0
1522,,Matt Haack,P,MIA,465000.0
1523,,Myles Garrett,DE,CLE,465000.0
1524,,Keelan Cole,WR,JAX,465000.0
1525,,Gerald Everett,TE,LAR,465000.0
1526,,Pita Taumoepenu,OLB,SFO,465000.0
1527,,Austin Carr,WR,NOR,465000.0
1528,,DeMarcus Walker,DE,DEN,465000.0
1529,,Rigoberto Sanchez,K,IND,465000.0
1530,,Mike Williams,WR,LAC,465000.0
1531,,Dylan Donahue,DL,NYJ,465000.0
1532,,Elijhaa Penny,RB,ARI,465000.0
1533,,Trey Hendrickson,DE,NOR,465000.0
1534,,Eric Wilson,ILB,MIN,465000.0
1535,,Jeremy Sprinkle,TE,WAS,465000.0
1536,,Mitch Trubisky,QB,CHI,465000.0
1537,,Roy Robertson-Harris,LB,CHI,465000.0
1538,,Nate Hairston,CB,IND,465000.0
1539,,Garett Bolles,OT,DEN,465000.0
1540,,Will Holden,OT,ARI,465000.0
1541,,Ejuan Price,OLB,LAR,465000.0
1542,,Devante Mays,RB,GNB,465000.0
1543,,Ben Gedeon,ILB,MIN,465000.0
1544,,Tanner Vallejo,ILB,BUF,465000.0
1545,,Trevon Coley,DL,CLE,465000.0
1546,,Budda Baker,FS,ARI,465000.0
1547,,John Johnson,S,LAR,465000.0
1548,,Gareon Conley,CB,OAK,465000.0
1549,,Cooper Rush,QB,DAL,465000.0
1550,,Jordan Willis,DE,CIN,465000.0
1551,,Lucas Patrick,G,GNB,465000.0
1552,,Josh Carraway,DE,TEN,465000.0
1553,,Eric Saubert,TE,ATL,465000.0
1554,,Samaje Perine,RB,WAS,465000.0
1555,,Patrick Mahomes,QB,KAN,465000.0
1556,,Rudy Ford,S,ARI,465000.0
1557,,Tyler Catalina,OG,WAS,465000.0
1558,,Harvey Langi,ILB,NWE,465000.0
1559,,Delano Hill,FS,SEA,465000.0
1560,,Austin Ekeler,RB,LAC,465000.0
1561,,Taysom Hill,QB,NOR,465000.0
1562,,Zach Wood,DE,NOR,465000.0
1563,,Ifeanyi Momah,WR,ARI,465000.0
1564,,Jourdan Lewis,CB,DAL,465000.0
1565,,Cordrea Tankersley,CB,MIA,465000.0
1566,,Aldrick Rosas,K,NYG,465000.0
1567,,Nicholas Morrow,LB,OAK,465000.0
1568,,Treston Decoud,CB,HOU,465000.0
1569,,Bam Bradley,OLB,BAL,465000.0
1570,,Matt Feiler,T,PIT,465000.0
1571,,Davon Godchaux,DT,MIA,465000.0
1572,,Matt Breida,RB,SFO,465000.0
1573,,Deon Lacey,LB,BUF,465000.0
1574,,Zach Cunningham,OLB,HOU,465000.0
1575,,David Sharpe,OT,OAK,465000.0
1576,,David Njoku,TE,CLE,465000.0
1577,,Corey Davis,WR,TEN,465000.0
1578,,Marquel Lee,ILB,OAK,465000.0
1579,,Chidobe Awuzie,CB,DAL,465000.0
1580,,Malik Hooker,FS,IND,465000.0
1581,,Elijah Qualls,DT,PHI,465000.0
1582,,Stefan McClure,S,WAS,465000.0
1583,,Avery Moss,DE,NYG,465000.0
1584,,Reid Ferguson,LS,BUF,465000.0
1585,,Anthony Walker,LB,IND,465000.0
1586,,Marlon Mack,RB,IND,465000.0
1587,,Jermaine Grace,LB,2TM,465000.0
1588,,Ahkello Witherspoon,CB,SFO,465000.0
1589,,Trey Edmunds,RB,NOR,465000.0
1590,,Grover Stewart,DT,IND,465000.0
1591,,Corey Clement,RB,PHI,465000.0
1592,,Justin Davis,RB,LAR,465000.0
1593,,Evan Engram,TE,NYG,465000.0
1594,,Fabian Moreau,CB,WAS,465000.0
1595,,Chad Hansen,WR,NYJ,465000.0
1596,,Matthew Dayes,RB,CLE,465000.0
1597,,Tashawn Bower,OLB,MIN,465000.0
1598,,Trey Hopkins,G,CIN,465000.0
1599,,Ka'imi Fairbairn,K,HOU,465000.0
1600,,Jaleel Johnson,DT,MIN,465000.0
1601,,Shalom Luani,SS,OAK,465000.0
1602,,Alex Redmond,G,CIN,465000.0
1603,,C.J. Beathard,QB,SFO,465000.0
1604,,Erik Magnuson,OT,SFO,465000.0
1605,,Brendan Langley,CB,DEN,465000.0
1606,,Jayon Brown,ILB,TEN,465000.0
1607,,Nathan Peterman,QB,BUF,465000.0
1608,,Adoree' Jackson,CB,TEN,465000.0
1609,,Andrew Billings,DT,CIN,465000.0
1610,,James Burgess,LB,CLE,465000.0
1611,,Wayne Gallman,RB,NYG,465000.0
1612,,Adrian Colbert,SS,SFO,465000.0
1613,,James Onwualu,OLB,LAC,465000.0
1614,,Jordan Roos,OG,SEA,465000.0
1615,,Dan Feeney,OG,LAC,465000.0
1616,,Vincent Taylor,DT,MIA,465000.0
1617,,Jamal Adams,SS,NYJ,465000.0
1618,,Justin McCray,G,GNB,465000.0
1619,,Marcus Johnson,WR,PHI,465000.0
1620,,Dalvin Cook,RB,MIN,465000.0
1621,,Nigel Harris,OLB,3TM,465000.0
1622,,Donald Payne,LB,JAX,465000.0
1623,,Marlon Humphrey,CB,BAL,465000.0
1624,,Chris Carson,RB,SEA,465000.0
1625,,Demetrious Cox,FS,CAR,465000.0
1626,,Patrick Ricard,DE,BAL,465000.0
1627,,Adam Shaheen,TE,CHI,465000.0
1628,,Noah Brown,WR,DAL,465000.0
1629,,Larry Ogunjobi,DT,CLE,465000.0
1630,,Jake Elliott,K,PHI,465000.0
1631,,Dylan Cole,LB,HOU,465000.0
1632,,Chase Roullier,C,WAS,465000.0
1633,,Charles Harris,DE,MIA,465000.0
1634,,Chad Williams,WR,ARI,465000.0
1635,,Curtis Samuel,WR,CAR,465000.0
1636,,YoungHoe Koo,K,LAC,465000.0
1637,,Dominique Hatfield,CB,LAR,465000.0
1638,,Marcus Williams,FS,NOR,465000.0
1639,,Kareem Hunt,RB,KAN,465000.0
1640,,Isaiah McKenzie,WR,DEN,465000.0
1641,,Jylan Ware,OT,OAK,465000.0
1642,,De'Angelo Henderson,RB,DEN,465000.0
1643,,Leonard Fournette,RB,JAX,465000.0
1644,,Sidney Jones,CB,PHI,465000.0
1645,,Terrell Watson,RB,PIT,465000.0
1646,,Marshon Lattimore,CB,NOR,465000.0
1647,,Kyle Fuller,C,HOU,465000.0
1648,,Alvin Kamara,RB,NOR,465000.0
1649,,Damontae Kazee,CB,ATL,465000.0
1650,,Jesse Davis,T,MIA,465000.0
1651,,Victor Bolden,WR,SFO,465000.0
1652,,Rayshawn Jenkins,FS,LAC,465000.0
1653,,Stacy Coley,WR,MIN,465000.0
1654,,Al-Quadin Muhammad,DE,NOR,465000.0
1655,,Jamaal Williams,RB,GNB,465000.0
1656,,Adam Redmond,G,IND,465000.0
1657,,Jamal Agnew,CB,DET,465000.0
1658,,Joe Walker,ILB,PHI,465000.0
1659,,Kai Nacua,FS,CLE,465000.0
1660,,Josh Reynolds,WR,LAR,465000.0
1661,,Cole Croston,OT,NWE,465000.0
1662,,Quincy Wilson,CB,IND,465000.0
1663,,Dalvin Tomlinson,DT,NYG,465000.0
1664,,Duke Riley,OLB,ATL,465000.0
1665,,Shaquill Griffin,DB,SEA,465000.0
1666,,Darrell Daniels,TE,IND,465000.0
1667,,Brian Hill,RB,2TM,465000.0
1668,,Lenzy Pipkins,CB,GNB,465000.0
1669,,Xavier Woods,SS,DAL,465000.0
1670,,Tarik Cohen,RB,CHI,465000.0
1671,,Isaac Asiata,OG,MIA,465000.0
1672,,Taquan Mizzell,RB,CHI,465000.0
1673,,Daeshon Hall,DE,CAR,465000.0
1674,,Aviante Collins,OG,MIN,465000.0
1675,,Ryan Ramczyk,OT,NOR,465000.0
1676,,Daniel Munyer,OL,ARI,465000.0
1677,,DeShone Kizer,QB,CLE,465000.0
1678,,B.J. Bello,LB,CLE,465000.0
1679,,Cooper Kupp,WR,LAR,465000.0
1680,,Josh Malone,WR,CIN,465000.0
1681,,Eddie Jackson,SS,CHI,465000.0
1682,,Ryan Anderson,OLB,WAS,465000.0
1683,,Chris Odom,DE,GNB,465000.0
1684,,Mike Hilton,CB,PIT,465000.0
1685,,Max McCaffrey,WR,JAX,465000.0
1686,,John Ross,WR,CIN,465000.0
1687,,Steve Longa,OLB,DET,465000.0
1688,,Sam Tevi,OT,LAC,465000.0
1689,,Rodney Adams,WR,MIN,465000.0
1690,,Conor McDermott,OT,BUF,465000.0
1691,,Josh Harvey-Clemons,SS,WAS,465000.0
1692,,Jamal Carter,S,DEN,465000.0
1693,,Elijah McGuire,RB,NYJ,465000.0
1694,,D.J. Jones,DT,SFO,465000.0
1695,,Blair Brown,ILB,JAX,465000.0
1696,,Reuben Foster,ILB,SFO,465000.0
1697,,Tion Green,RB,DET,465000.0
1698,,Deatrich Wise Jr.,DE,NWE,465000.0
1699,,Samson Ebukam,OLB,LAR,465000.0
1700,,ArDarius Stewart,WR,NYJ,465000.0
1701,,Michael Roberts,TE,DET,465000.0
1702,,Eli Ankou,DT,JAX,465000.0
1703,,Jarrad Davis,ILB,DET,465000.0
1704,,Jermaine Eluemunor,OG,BAL,465000.0
1705,,TreDavious White,CB,BUF,465000.0
1706,,Tanzel Smart,DT,LAR,465000.0
1707,,Derek Barnett,DE,PHI,465000.0
1708,,Kevin King,CB,GNB,465000.0
1709,,JuJu Smith-Schuster,WR,PIT,465000.0
1710,,Caleb Brantley,DT,CLE,465000.0
1711,,Kasey Redfern,P,DET,465000.0
1712,,Zane Gonzalez,K,CLE,465000.0
1713,,Jalen Myrick,CB,JAX,465000.0
1714,,Tanoh Kpassagnon,DE,KAN,465000.0
1715,,Jerald Hawkins,OT,PIT,465000.0
1716,,Dawuane Smoot,DE,JAX,465000.0
1717,,Jabrill Peppers,SS,CLE,465000.0
1718,,Chase Allen,LB,MIA,465000.0
1719,,Takkarist McKinley,OLB,ATL,465000.0
1720,,Charles Washington,DB,DET,465000.0
1721,,Thomas Hennessy,LS,NYJ,465000.0
1722,,Chuck Clark,FS,BAL,465000.0
1723,,Joe Mixon,RB,CIN,465000.0
1724,,Chad Wheeler,OT,NYG,465000.0
1725,,Deyshawn Bond,C,IND,465000.0
1726,,Mack Hollins,WR,PHI,465000.0
1727,,Eddie Yarbrough,DE,BUF,465000.0
1728,,Teez Tabor,CB,DET,465000.0
1729,,Eddie Vanderdoes,DT,OAK,465000.0
1730,,Mitchell Loewen,DE,NOR,465000.0
1731,,Trent Taylor,WR,SFO,465000.0
1732,,Justin Vogel,P,GNB,465000.0
1733,,Calvin Munson,OLB,NYG,465000.0
1734,,George Kittle,TE,SFO,465000.0
1735,,Evan Dietrich-Smith,G,TAM,465000.0
1736,,Tedric Thompson,SS,SEA,465000.0
1737,,Carlos Watkins,DT,HOU,465000.0
1738,,Sean Culkin,TE,LAC,465000.0
1739,,Hardy Nickerson,ILB,CIN,465000.0
1740,,Amara Darboh,WR,SEA,465000.0
1741,,Jeremiah Ledbetter,DT,DET,465000.0
1742,,Ukeme Eligwe,OLB,KAN,465000.0
1743,1744.0,Jonathan Freeny,DE,3TM,455882.0
1744,,Orlando Franklin,OL,WAS,455882.0
1745,,Sean Weatherspoon,LB,ATL,455882.0
1746,,Gavin Escobar,TE,BAL,455882.0
1747,1748.0,Khyri Thornton,DT,DET,452941.0
1748,1749.0,Jacquies Smith,DE,2TM,446471.0
1749,1750.0,Curtis Grant,LB,NYG,437648.0
1750,1751.0,Mike Davis,RB,SEA,437647.0
1751,,Elijah Lee,OLB,SFO,437647.0
1752,,Adam Pankey,OG,GNB,437647.0
1753,,Tony McRae,CB,2TM,437647.0
1754,,Evan Baylis,TE,HOU,437647.0
1755,,Lawrence Thomas,DE,NYJ,437647.0
1756,,Michael Davis,,LAC,437647.0
1757,1758.0,Kelvin Sheppard,LB,NYG,423529.0
1758,1759.0,Louis Murphy,WR,SFO,423528.0
1759,1760.0,Jordan Lucas,SS,MIA,421941.0
1760,1761.0,Deon King,LB,CLE,412945.0
1761,,Scooby Wright,ILB,ARI,412945.0
1762,,Chris Reed,G,JAX,412945.0
1763,1764.0,Bryce Treggs,WR,CLE,412941.0
1764,,Branden Jackson,DE,SEA,412941.0
1765,,Quinton Jefferson,DT,SEA,412941.0
1766,,Mike Thomas,WR,LAR,412941.0
1767,1768.0,Jordan Leslie,WR,CLE,410295.0
1768,,Reggie Porter,CB,CLE,410295.0
1769,1770.0,Matt Skura,C,BAL,410294.0
1770,,Justin Hardee,WR,NOR,410294.0
1771,,Travaris Cadet,RB,2TM,410294.0
1772,,Don Barclay,G,DET,410294.0
1773,,T.J. Yates,QB,HOU,410294.0
1774,,Alex Armah,FB,CAR,410294.0
1775,,Devin Taylor,DE,NYG,410294.0
1776,,Ricky Seals-Jones,WR,ARI,410294.0
1777,1778.0,Robert Nelson,FS,NYJ,405882.0
1778,1779.0,David Fales,QB,MIA,405880.0
1779,1780.0,Jairus Byrd,DB,CAR,404648.0
1780,1781.0,Josh Lambo,K,JAX,397941.0
1781,,Michael Ola,T,LAC,397941.0
1782,1783.0,A.J. Francis,DL,WAS,397936.0
1783,1784.0,Aaron Wallace,OLB,TEN,383824.0
1784,1785.0,Chris Thompson,RB,WAS,382942.0
1785,,Chris Thompson,WR,HOU,382942.0
1786,1787.0,Harrison Butker,K,KAN,382941.0
1787,,Taybor Pepper,LS,GNB,382941.0
1788,,Bryan Cox,DE,CAR,382941.0
1789,1790.0,Shilique Calhoun,DE,OAK,381176.0
1790,,Patrick Murray,K,TAM,381176.0
1791,,Justin March-Lillard,LB,3TM,381176.0
1792,,Darnell Sankey,LB,IND,381176.0
1793,1794.0,Will Beatty,T,PHI,370588.0
1794,,Dannell Ellerbe,LB,PHI,370588.0
1795,1796.0,Cam Thomas,DT,KAN,370587.0
1796,1797.0,Brenton Bersin,WR,CAR,365292.0
1797,1798.0,Jeff Cumberland,TE,LAC,364706.0
1798,1799.0,Deiondre' Hall,CB,CHI,363000.0
1799,,Maurice Canady,CB,BAL,363000.0
1800,,Ronald Blair,DE,SFO,363000.0
1801,1802.0,Arie Kouandjio,OG,WAS,361765.0
1802,,Trevor Reilly,OLB,NWE,361765.0
1803,1804.0,Jon Halapio,OG,NYG,355589.0
1804,,Isaiah Johnson,S,TAM,355589.0
1805,1806.0,Greg Mabin,CB,2TM,355588.0
1806,,Kyle Kalis,OG,IND,355588.0
1807,,Isaiah Irving,OLB,CHI,355588.0
1808,,Henry Krieger-Coble,TE,IND,355588.0
1809,1810.0,Darrelle Revis,DB,KAN,352941.0
1810,1811.0,Jermaine Whitehead,DB,GNB,349415.0
1811,,Joe Callahan,QB,GNB,349415.0
1812,,Richard Ash,DT,DAL,349415.0
1813,1814.0,Daniel Lasco,RB,NOR,349412.0
1814,1815.0,Cameron Sutton,CB,PIT,348000.0
1815,,Dede Westbrook,WR,JAX,348000.0
1816,,Obi Melifonwu,SS,OAK,348000.0
1817,,Jeremy Clark,CB,NYJ,348000.0
1818,,Marquez Williams,FB,CLE,348000.0
1819,,Vince Biegel,OLB,GNB,348000.0
1820,1821.0,Marvin Hall,WR,ATL,328236.0
1821,,Donte Deayon,DB,NYG,328236.0
1822,,Adam Bighill,LB,NOR,328236.0
1823,,Tani Tupou,DT,ATL,328236.0
1824,1825.0,Cole Hikutini,TE,SFO,328235.0
1825,,Xavier Coleman,CB,NYJ,328235.0
1826,,Travis Rudolph,WR,NYG,328235.0
1827,,Ed Eagan,WR,NYG,328235.0
1828,,Marcus Kemp,WR,KAN,328235.0
1829,1830.0,Tyreek Burwell,T,IND,325588.0
1830,,Xavier Cooper,DT,2TM,325588.0
1831,,Josh Keyes,LB,2TM,325588.0
1832,,Angelo Blackson,DT,HOU,325588.0
1833,1834.0,Cyrus Kouandjio,OT,DEN,324706.0
1834,1835.0,Akeem Ayers,LB,NYG,319118.0
1835,,Harlan Miller,CB,ARI,319118.0
1836,1837.0,Joshua Perry,OLB,IND,317647.0
1837,,Matt Lengel,TE,CLE,317647.0
1838,1839.0,Jerrol Garcia-Williams,LB,DEN,300883.0
1839,,Hunter Sharp,WR,2TM,300883.0
1840,,Jaydon Mickens,WR,JAX,300883.0
1841,,Nathan Gerry,SS,PHI,300883.0
1842,,Elijah Wilkinson,OT,DEN,300883.0
1843,1844.0,Nick Rose,K,2TM,300882.0
1844,1845.0,Ray-Ray Armstrong,LB,2TM,294118.0
1845,1846.0,Freddie Martino,WR,TAM,289408.0
1846,1847.0,Nate Sudfeld,QB,PHI,285882.0
1847,,D.J. White,CB,IND,285882.0
1848,1849.0,Jace Billingsley,WR,DET,273530.0
1849,,Dan Skipper,OT,DET,273530.0
1850,,Kevin Snyder,LB,DEN,273530.0
1851,,Blake Jarwin,TE,DAL,273530.0
1852,1853.0,Elijah Hood,RB,OAK,273529.0
1853,1854.0,Joey Mbu,NT,IND,254120.0
1854,,Ben Braunecker,TE,CHI,254120.0
1855,1856.0,Max Tuerk,C,ARI,254118.0
1856,1857.0,Zach Vigil,ILB,WAS,253235.0
1857,1858.0,Terrence Magee,RB,ATL,253232.0
1858,,Deiontrez Mount,OLB,DEN,253232.0
1859,1860.0,Derek Hart,LS,GNB,246177.0
1860,,Donatello Brown,CB,GNB,246177.0
1861,,Marshall Koehn,K,CIN,246177.0
1862,,Darrell Williams,OL,SFO,246177.0
1863,,Bryson Albright,LB,ARI,246177.0
1864,1865.0,Demetrius Rhaney,C,WAS,243529.0
1865,,Cairo Santos,K,2TM,243529.0
1866,,Fitzgerald Toussaint,RB,PIT,243529.0
1867,1868.0,Mike Nugent,K,2TM,235294.0
1868,1869.0,Tim Barnes,C,SFO,227941.0
1869,,Datone Jones,DE,2TM,227941.0
1870,,Chris Prosinski,DB,CHI,227941.0
1871,1872.0,Byron Marshall,RB,WAS,222353.0
1872,,Joe Kerridge,FB,GNB,222353.0
1873,,Vinston Painter,OT,ARI,222353.0
1874,,Kalif Raymond,WR,2TM,222353.0
1875,1876.0,Daniel Ross,DT,DAL,218824.0
1876,,Zach Sterup,OL,MIA,218824.0
1877,,Josh Tupou,DT,CIN,218824.0
1878,,Johnny Mundt,TE,LAR,218824.0
1879,,Jojo Natson,WR,NYJ,218824.0
1880,,Joseph Jones,OLB,DEN,218824.0
1881,,Brandon Banks,DL,WAS,218824.0
1882,,Darius Hillary,CB,CLE,218824.0
1883,,Brandon Wilson,CB,CIN,218824.0
1884,,Chunky Clements,DT,HOU,218824.0
1885,,Maurice Harris,WR,WAS,218824.0
1886,,Lewis Neal,DE,DAL,218824.0
1887,,Josh Forrest,ILB,SEA,218824.0
1888,1889.0,Dexter McDougle,CB,2TM,217059.0
1889,,Howard Jones,LB,CHI,217059.0
1890,,Neville Hewitt,LB,MIA,217059.0
1891,1892.0,Orson Charles,TE,KAN,202940.0
1892,1893.0,Austin Traylor,TE,DEN,191471.0
1893,,Colin Holba,LS,JAX,191471.0
1894,,Larry Pinkard,WR,JAX,191471.0
1895,1896.0,Cobi Hamilton,WR,HOU,190590.0
1896,1897.0,Christian Ringo,DE,DET,190588.0
1897,1898.0,Spencer Paysinger,LB,CAR,182353.0
1898,1899.0,Bradley Marquez,WR,DET,180882.0
1899,1900.0,Khalif Barnes,T,ARI,176471.0
1900,1901.0,Eric Lee,LB,NWE,164118.0
1901,,Justin Currie,S,CLE,164118.0
1902,,David Moore,WR,SEA,164118.0
1903,,Pete Robertson,LB,WAS,164118.0
1904,,LeShun Daniels,RB,WAS,164118.0
1905,,Jason Vander Laan,TE,IND,164118.0
1906,,Kevin Peterson,CB,LAR,164118.0
1907,1908.0,Brandon Dixon,CB,NYG,158825.0
1908,,Gabe Martin,LB,ARI,158825.0
1909,,Carlos Thompson,LB,LAR,158825.0
1910,,Bronson Hill,RB,ARI,158825.0
1911,1912.0,Bryan Braman,LB,PHI,158824.0
1912,,Nicholas Grigsby,LB,NWE,158824.0
1913,,Anthony Fabiano,OL,IND,158824.0
1914,1915.0,MyCole Pruitt,TE,HOU,144706.0
1915,,Anthony Johnson,DT,IND,144706.0
1916,,Cameron Lynch,LB,2TM,144706.0
1917,1918.0,K.J. Brent,WR,IND,136765.0
1918,,Garrett Griffin,TE,NOR,136765.0
1919,,Pat O'Connor,DE,TAM,136765.0
1920,,LaTroy Lewis,LB,HOU,136765.0
1921,,Travis Coons,K,LAC,136765.0
1922,,Lavar Edwards,DE,CLE,136765.0
1923,,Bernard Reedy,WR,2TM,136765.0
1924,,Marcus Rios,CB,DEN,136765.0
1925,,Mike Liedtke,OL,TAM,136765.0
1926,,Cameron Malveaux,DE,MIA,136765.0
1927,,Carroll Phillips,OLB,JAX,136765.0
1928,,Gimel President,DE,HOU,136765.0
1929,,De'Veon Smith,RB,MIA,136765.0
1930,,Michael Clark,WR,GNB,136765.0
1931,,Arthur Maulet,CB,NOR,136765.0
1932,,Isaac Whitney,WR,OAK,136765.0
1933,,Chad Slade,G,HOU,136765.0
1934,,Jesus Wilson,WR,TAM,136765.0
1935,,Rodney Coe,DT,SEA,136765.0
1936,,Jeremy McNichols,RB,SFO,136765.0
1937,1938.0,Stanley Jean-Baptiste,CB,BAL,127060.0
1938,1939.0,Darius Powe,WR,NYG,127059.0
1939,1940.0,Keith Reaser,CB,2TM,121765.0
1940,1941.0,Nordly Capi,LB,2TM,109412.0
1941,,Rashaad Coward,DT,CHI,109412.0
1942,,DeAndrew White,WR,HOU,109412.0
1943,,Justin Hamilton,DT,2TM,109412.0
1944,,Robert Davis,WR,WAS,109412.0
1945,1946.0,Taylor Heinicke,QB,HOU,108529.0
1946,,Isaiah Johnson,DB,LAR,108529.0
1947,1948.0,Kapri Bibbs,RB,WAS,108528.0
1948,1949.0,John Phillips,TE,NOR,105882.0
1949,1950.0,Kyle Carter,TE,MIN,100800.0
1950,1951.0,C.J. Smith,CB,CLE,95294.0
1951,,Tyvis Powell,FS,SFO,95294.0
1952,,Gabe Holmes,TE,ARI,95294.0
1953,,Paul Dawson,OLB,SEA,95294.0
1954,,Matt Hazel,WR,IND,95294.0
1955,1956.0,Cameron Lee,G,CHI,93600.0
1956,1957.0,Ryan Murphy,FS,NYG,82059.0
1957,,Riley Bullough,ILB,TAM,82059.0
1958,,Matt LaCosse,TE,2TM,82059.0
1959,,Isaac Rochell,DE,LAC,82059.0
1960,,Kache Palacio,LB,SEA,82059.0
1961,,Otha Peters,LB,WAS,82059.0
1962,,Breon Borders,CB,BUF,82059.0
1963,,Brandon Bell,OLB,CIN,82059.0
1964,,Leon McQuay,S,KAN,82059.0
1965,,Jarveon Williams,HB,CIN,82059.0
1966,,Dymonte Thomas,SS,DEN,82059.0
1967,1968.0,Caraun Reid,DT,DET,81176.0
1968,1969.0,David Quessenberry,OT,HOU,72353.0
1969,,Ronald Martin,SS,IND,72353.0
1970,,James Stone,C,OAK,72353.0
1971,1972.0,Michael Hunter,CB,NYG,63529.0
1972,,Channing Ward,DE,TAM,63529.0
1973,1974.0,Tony McDaniel,DT,2TM,58824.0
1974,,James Harrison,LB,2TM,58824.0
1975,1976.0,Kent Perkins,OT,CIN,54706.0
1976,,Mose Frazier,WR,CAR,54706.0
1977,,Sam Ficken,K,LAR,54706.0
1978,,Fish Smithson,S,WAS,54706.0
1979,,Pharaoh Brown,TE,OAK,54706.0
1980,,Andy Jones,WR,2TM,54706.0
1981,,Brett Boyko,T,LAC,54706.0
1982,,Dare Ogunbowale,RB,WAS,54706.0
1983,,Reggie Gilbert,LB,GNB,54706.0
1984,,Brady Sheldon,LB,OAK,54706.0
1985,,Ryan Malleck,TE,HOU,54706.0
1986,,David Rivers,CB,TAM,54706.0
1987,1988.0,Krishawn Hogan,WR,IND,38294.0
1988,1989.0,Marcus Murphy,RB,BUF,36176.0
1989,,Edmond Robinson,OLB,NYJ,36176.0
1990,1991.0,Hakeem Valles,TE,DET,31765.0
1991,,Marquis Bundy,WR,NYG,31765.0
1992,1993.0,Jeff Overbaugh,LS,MIN,27353.0
1993,,Quincy Adeboyejo,WR,BAL,27353.0
1994,,Derrick Mathews,LB,NYG,27353.0
1995,,Rickey Hatley,DT,BUF,27353.0
1996,,Emanuel Byrd,TE,GNB,27353.0
1997,,Aaron Neary,C,LAR,27353.0
1998,,Garrett Sickels,DE,LAR,27353.0
